Rank,Track Name,Artist,loudness,speechiness
1,Sweet but Psycho,Ava Max,-4.724,0.0476
2,bad guy,Billie Eilish,-10.965,0.375
3,7 rings,Ariana Grande,-10.732,0.334
4,Dance Monkey,Tones and I,-6.401,0.0988
5,Señorita,Shawn Mendes,-6.049,0.029
6,Con Calma,Daddy Yankee,-2.652,0.0593
7,Shallow,Lady Gaga,-6.362,0.0308
8,Someone You Loved,Lewis Capaldi,-5.679,0.0319
9,Happier,Marshmello,-2.749,0.0452
10,Wow.,Post Malone,-7.399,0.178
11,Without Me,Halsey,-7.05,0.0705
12,Calma - Remix,Pedro Capó,-4.218,0.0524
13,Dancing With A Stranger (with Normani),Sam Smith,-7.513,0.0656
14,Goodbyes (Feat. Young Thug),Post Malone,-3.818,0.0745
15,Beautiful People (feat. Khalid),Ed Sheeran,-8.113,0.187
16,Old Town Road (feat. Billy Ray Cyrus) - Remix,Lil Nas X,-5.56,0.102
17,China,Anuel AA,-3.702,0.0882
18,Callaita,Bad Bunny,-4.773,0.309
19,MIDDLE CHILD,J. Cole,-11.713,0.276
20,High Hopes,Panic! At The Disco,-2.729,0.0618
21,SICKO MODE,Travis Scott,-3.714,0.222
22,"thank u, next",Ariana Grande,-5.634,0.0658
23,I Don't Care (with Justin Bieber),Ed Sheeran,-5.041,0.0442
24,"break up with your girlfriend, i''m bored",Ariana Grande,-5.29,0.0917
25,Eastside (with Halsey & Khalid),benny blanco,-7.665,0.243
26,Circles,Post Malone,-3.497,0.0395
27,Truth Hurts,Lizzo,-3.046,0.114
28,Going Bad (feat. Drake),Meek Mill,-6.365,0.0905
29,Don't Call Me Up,Mabel,-2.853,0.147
30,Lucid Dreams,Juice WRLD,-7.23,0.2
31,So Am I,Ava Max,-4.67,0.0435
32,Better Now,Post Malone,-5.804,0.04
33,How Do You Sleep?,Sam Smith,-4.931,0.0925
34,rockstar (feat. 21 Savage),Post Malone,-6.136,0.0712
35,Lalala,Y2K,-7.899,0.0845
36,Girls Like You (feat. Cardi B),Maroon 5,-6.825,0.0505
37,Talk (feat. Disclosure),Khalid,-8.575,0.126
38,MIA (feat. Drake),Bad Bunny,-6.349,0.0621
39,Piece Of Your Heart,MEDUZA,-6.806,0.0295
40,when the party's over,Billie Eilish,-14.084,0.0972
41,Otro Trago,Sech,-4.669,0.341
42,Let Me Down Slowly,Alec Benjamin,-5.714,0.0318
43,No Me Conoce - Remix,Jhay Cortez,-3.831,0.0741
44,Memories,Maroon 5,-7.209,0.0546
45,I Don't Care (with Justin Bieber),Ed Sheeran,-5.041,0.0442
46,Con Altura,ROSALÍA,-4.027,0.124
47,bury a friend,Billie Eilish,-14.505,0.332
48,Money In The Grave (Drake ft. Rick Ross),Drake,-4.045,0.046
49,SAD!,XXXTENTACION,-4.88,0.145
50,i'm so tired...,Lauv,-7.058,0.203
51,Secreto,Anuel AA,-4.156,0.126
52,"Taki Taki (with Selena Gomez, Ozuna & Cardi B)",DJ Snake,-4.167,0.228
53,Shape of You,Ed Sheeran,-3.183,0.0802
54,Better,Khalid,-10.278,0.097
55,LA CANCIÓN,J Balvin,-5.795,0.317
56,Old Town Road,Lil Nas X,-6.063,0.129
57,Swervin (feat. 6ix9ine),A Boogie Wit da Hoodie,-5.239,0.303
58,Believer,Imagine Dragons,-4.374,0.128
59,Youngblood,5 Seconds of Summer,-5.114,0.463
60,Sucker,Jonas Brothers,-5.065,0.0588
61,Moonlight,XXXTENTACION,-5.723,0.0804
62,Perfect,Ed Sheeran,-6.312,0.0232
63,HIGHEST IN THE ROOM,Travis Scott,-8.764,0.0317
64,Old Town Road - Remix,Lil Nas X,-5.56,0.102
65,Señorita,Shawn Mendes,-6.039,0.0287
66,Bohemian Rhapsody - 2011 Mix,Queen,-9.928,0.0499
67,Baila Baila Baila,Ozuna,-2.75,0.111
68,Loco Contigo (feat. J. Balvin & Tyga),DJ Snake,-2.986,0.218
69,Soltera - Remix,Lunay,-4.271,0.0432
70,2002,Anne-Marie,-2.881,0.117
71,I Like Me Better,Lauv,-7.621,0.253
72,Don't Stop Me Now - 2011 Mix,Queen,-5.276,0.17
73,Te Robaré,Nicky Jam,-3.572,0.0561
74,Sucker,Jonas Brothers,-5.065,0.0588
75,11:00 PM,Maluma,-4.84,0.277
76,Say You Won't Let Go,James Arthur,-7.398,0.059
77,No Guidance (feat. Drake),Chris Brown,-6.756,0.151
78,hot girl bummer,blackbear,-7.109,0.0776
79,Giant (with Rag'n'Bone Man),Calvin Harris,-4.311,0.0361
80,Another One Bites The Dust - Remastered 2011,Queen,-6.472,0.161
81,Here With Me,Marshmello,-3.933,0.0439
82,lovely (with Khalid),Billie Eilish,-10.109,0.0333
83,Drip Too Hard (Lil Baby & Gunna),Lil Baby,-6.903,0.292
84,Suge,DaBaby,-6.482,0.426
85,In My Mind,Dynoro,-5.335,0.149
86,Verte Ir,DJ Luian,-4.152,0.0984
87,Boy With Luv (feat. Halsey),BTS,-4.757,0.0965
88,Jocelyn Flores,XXXTENTACION,-9.144,0.242
89,Thunder,Imagine Dragons,-4.833,0.0438
90,Murder On My Mind,YNW Melly,-7.985,0.0516
91,Never Really Over,Katy Perry,-4.792,0.0602
92,South of the Border (feat. Camila Cabello & Cardi B),Ed Sheeran,-6.376,0.0824
93,God's Plan,Drake,-9.211,0.109
94,Adan y Eva,Paulo Londra,-4.47,0.336
95,wish you were gay,Billie Eilish,-10.198,0.241
96,Lose You To Love Me,Selena Gomez,-9.005,0.0438
97,Look Back at It,A Boogie Wit da Hoodie,-5.075,0.0413
98,Higher Love,Kygo,-7.159,0.0324
99,If I Can't Have You,Shawn Mendes,-4.198,0.0602
100,QUE PRETENDES,J Balvin,-4.443,0.253
101,3 Nights,Dominic Fike,-6.594,0.0897
102,Close To Me (with Diplo) (feat. Swae Lee),Ellie Goulding,-5.029,0.0621
103,ZEZE,Kodak Black,-5.788,0.176
104,I Like It,Cardi B,-3.998,0.129
105,It's You,Ali Gatie,-6.972,0.0287
106,Too Good At Goodbyes,Sam Smith,-8.237,0.0432
107,Otro Trago - Remix,Sech,-2.331,0.197
108,Ride It,Regard,-4.258,0.0874
109,boyfriend (with Social House),Ariana Grande,-3.731,0.461
110,Don't Start Now,Dua Lipa,-4.521,0.0842
111,RITMO (Bad Boys For Life),The Black Eyed Peas,-7.037,0.0657
112,Te Vi,Piso 21,-4.246,0.117
113,Sunflower - Spider-Man: Into the Spider-Verse,Post Malone,-4.368,0.0575
114,Adicto (with Anuel AA & Ozuna),Tainy,-4.803,0.0735
115,a lot,21 Savage,-7.643,0.086
116,Saturday Nights,Khalid,-8.559,0.0985
117,Promises (with Sam Smith),Calvin Harris,-5.991,0.0394
118,ROXANNE,Arizona Zervas,-5.616,0.148
119,Rescue Me,OneRepublic,-7.737,0.0433
120,"Yo x Ti, Tu x Mi",ROSALÍA,-3.292,0.225
121,Havana (feat. Young Thug),Camila Cabello,-4.333,0.03
122,Amanece,Anuel AA,-5.549,0.0425
123,Pa Mí - Remix,Dalex,-8.029,0.22
124,Tutu,Camilo,-2.592,0.0503
125,Body (feat. brando),Loud Luxury,-4.399,0.038
126,Psycho (feat. Ty Dolla $ign),Post Malone,-8.094,0.105
127,Photograph,Ed Sheeran,-10.48,0.0476
128,Bad Liar,Imagine Dragons,-6.993,0.0703
129,"10,000 Hours (with Justin Bieber)",Dan + Shay,-4.644,0.0259
130,Closer,The Chainsmokers,-5.599,0.0338
131,Under Pressure - Remastered,Queen,-7.815,0.0476
132,Pure Water (with Migos),Mustard,-5.545,0.129
133,lovely,Billie Eilish,-10.109,0.0333
134,idontwannabeyouanymore,Billie Eilish,-8.461,0.0402
135,Be Alright,Dean Lewis,-7.595,0.034
136,Panini,Lil Nas X,-6.146,0.0752
137,Mo Bamba,Sheck Wes,-5.266,0.0315
138,Only Human,Jonas Brothers,-5.883,0.0722
139,One Thing Right,Marshmello,-2.253,0.0451
140,One Kiss (with Dua Lipa),Calvin Harris,-3.24,0.11
141,bury a friend,Billie Eilish,-14.505,0.332
142,Ransom,Lil Tecca,-6.257,0.287
143,everything i wanted,Billie Eilish,-14.454,0.0994
144,Desconocidos,Mau y Ricky,-4.598,0.166
145,EARFQUAKE,"Tyler, The Creator",-8.866,0.0685
146,Bandit (with YoungBoy Never Broke Again),Juice WRLD,-5.884,0.343
147,The Middle,Zedd,-3.061,0.0449
148,SOS (feat. Aloe Blacc),Avicii,-6.181,0.0715
149,ocean eyes,Billie Eilish,-7.725,0.0361
150,If I Can't Have You,Shawn Mendes,-4.197,0.0623
151,Tal Vez,Paulo Londra,-2.443,0.151
152,7 rings,Ariana Grande,-10.744,0.323
153,Always Remember Us This Way,Lady Gaga,-5.972,0.0409
154,Kill This Love,BLACKPINK,-4.141,0.237
155,Robbery,Juice WRLD,-5.122,0.0457
156,Nothing Breaks Like a Heart (feat. Miley Cyrus),Mark Ronson,-5.844,0.0671
157,Liar,Camila Cabello,-6.684,0.0456
158,Wonderwall - Remastered,Oasis,-4.066,0.0407
159,The London (feat. J. Cole & Travis Scott),Young Thug,-6.946,0.147
160,Takeaway (feat. Lennon Stella),The Chainsmokers,-8.106,0.042
161,Someone You Loved,Lewis Capaldi,-5.679,0.0319
162,SOS,Avicii,-6.181,0.0715
163,all the good girls go to hell,Billie Eilish,-8.922,0.372
164,On My Way,Alan Walker,-4.929,0.102
165,i love you,Billie Eilish,-18.435,0.0382
166,Panini,Lil Nas X,-6.146,0.0752
167,Taste (feat. Offset),Tyga,-7.442,0.12
168,Wake Up in the Sky,Gucci Mane,-5.144,0.0485
169,You Need To Calm Down,Taylor Swift,-5.604,0.0507
170,Pop Out (feat. Lil Tjay),Polo G,-7.119,0.467
171,All I Want for Christmas Is You,Mariah Carey,-7.462,0.0386
172,no tears left to cry,Ariana Grande,-5.507,0.0594
173,Lover,Taylor Swift,-7.582,0.0919
174,Take What You Want (feat. Ozzy Osbourne & Travis Scott),Post Malone,-2.665,0.0502
175,Que Mas Pues - Remix,Justin Quiles,-5.027,0.195
176,The London (feat. J. Cole & Travis Scott),Young Thug,-8.981,0.209
177,Something Just Like This,The Chainsmokers,-6.769,0.0317
178,HP,Maluma,-3.157,0.0773
179,you should see me in a crown,Billie Eilish,-10.485,0.186
180,"fuck, i''m lonely (with Anne-Marie) - from “13 Reasons Why: Season 3”",Lauv,-6.46,0.0683
181,Hate Me (with Juice WRLD),Ellie Goulding,-4.628,0.0507
182,Graveyard,Halsey,-5.127,0.0747
183,Tusa,KAROL G,-3.28,0.298
184,Thotiana,Blueface,-12.89,0.269
185,Adictiva,Daddy Yankee,-3.206,0.0563
186,IDGAF,Dua Lipa,-5.975,0.0943
187,Lost In Japan,Shawn Mendes,-6.784,0.374
188,"thank u, next",Ariana Grande,-5.642,0.0658
189,Ransom,Lil Tecca,-6.257,0.287
190,Fantasias,Rauw Alejandro,-4.219,0.0701
191,HP,Maluma,-3.157,0.0773
192,Congratulations,Post Malone,-4.183,0.0363
193,In My Feelings,Drake,-5.833,0.125
194,Please Me,Cardi B,-6.711,0.081
195,Bohemian Rhapsody - 2011 Mix,Queen,-9.961,0.0536
196,"Go Loko (feat. Tyga, Jon Z)",YG,-5.177,0.0468
197,when the party's over,Billie Eilish,-14.08,0.0621
198,ME! (feat. Brendon Urie of Panic! At The Disco),Taylor Swift,-4.143,0.0702
199,Paradise,Bazzi,-6.273,0.0479
200,goosebumps,Travis Scott,-3.37,0.0484
201,Call You Mine,The Chainsmokers,-5.59,0.0289
202,All of Me,John Legend,-7.064,0.0322
203,bad guy (with Justin Bieber),Billie Eilish,-11.265,0.295
204,Natural,Imagine Dragons,-6.112,0.0409
205,Cuaderno,Dalex,-5.021,0.38
206,Summer Days (feat. Macklemore & Patrick Stump of Fall Out Boy),Martin Garrix,-6.976,0.0566
207,I.F.L.Y.,Bazzi,-4.823,0.0385
208,"I Can’t Get Enough (benny blanco, Selena Gomez, J Balvin, Tainy)",benny blanco,-4.039,0.362
209,Love Someone,Lukas Graham,-6.581,0.0505
210,Si Se Da,Myke Towers,-5.523,0.326
211,You Need To Calm Down,Taylor Swift,-5.617,0.0553
212,Sanguine Paradise,Lil Uzi Vert,-6.736,0.0666
213,Falling,Trevor Daniel,-8.756,0.0364
214,bellyache,Billie Eilish,-8.597,0.106
215,Say My Name,David Guetta,-5.119,0.123
216,New Rules,Dua Lipa,-6.021,0.0694
217,BOP,DaBaby,-3.909,0.367
218,Pa Mí - Remix,Dalex,-8.029,0.22
219,Talk,Khalid,-8.443,0.124
220,Trampoline (with ZAYN),SHAED,-5.782,0.0334
221,Get You The Moon (feat. Snøw),Kina,-16.541,0.188
222,Arms Around You (feat. Maluma & Swae Lee),XXXTENTACION,-5.45,0.0412
223,Bruises,Lewis Capaldi,-7.83,0.0677
224,Be Alright,Dean Lewis,-6.319,0.0362
225,Ella Quiere Beber - Remix,Anuel AA,-3.083,0.124
226,Leave Me Alone,Flipp Dinero,-2.806,0.0851
227,Contra La Pared,Sean Paul,-7.14,0.118
228,Saint-Tropez,Post Malone,-3.618,0.0439
229,Don’t Call Me Angel (Charlie’s Angels) (with Miley Cyrus & Lana Del Rey),Ariana Grande,-5.248,0.0449
230,I Fall Apart,Post Malone,-5.408,0.0382
231,Last Christmas,Wham!,-12.472,0.0293
232,Indeciso,Reik,-4.902,0.0453
233,Motivation,Normani,-3.967,0.0984
234,Ransom,Lil Tecca,-6.257,0.287
235,Wow.,Post Malone,-7.359,0.208
236,"Carry On (from the Original Motion Picture '"POKÉMON Detective Pikachu'")",Kygo,-6.519,0.079
237,Mixed Personalities (feat. Kanye West),YNW Melly,-9.104,0.0803
238,Lights Up,Harry Styles,-8.09,0.0327
239,Africa,TOTO,-18.064,0.0323
240,Post Malone (feat. RANI),Sam Feldt,-3.87,0.122
241,223's (feat. 9lokknine),YNW Melly,-7.787,0.333
242,changes,XXXTENTACION,-10.068,0.029
243,Beautiful (feat. Camila Cabello),Bazzi,-4.722,0.0337
244,Reggaeton,J Balvin,-4.325,0.191
245,Summer Days (feat. Macklemore & Patrick Stump of Fall Out Boy),Martin Garrix,-6.976,0.0566
246,Si Te Vas,Sech,-4.124,0.132
247,FRIENDS,Marshmello,-2.384,0.0504
248,Easier,5 Seconds of Summer,-5.604,0.221
249,comethru,Jeremy Zucker,-11.991,0.0574
250,Teeth,5 Seconds of Summer,-2.961,0.0416
251,All Around The World (La La La),R3HAB,-5.03,0.033
252,Esclavo de Tus Besos,Manuel Turizo,-5.316,0.111
253,Blinding Lights,The Weeknd,-4.075,0.0629
254,Aullando,Wisin & Yandel,-4.52,0.0479
255,Lose Control,MEDUZA,-8.659,0.0415
256,Runaway,Sebastian Yatra,-3.33,0.0674
257,Look At Her Now,Selena Gomez,-7.906,0.271
258,my strange addiction,Billie Eilish,-10.952,0.354
259,This Feeling,The Chainsmokers,-7.906,0.0439
260,Ritual,Tiësto,-4.389,0.0552
261,Nonstop,Drake,-8.074,0.124
262,Cross Me (feat. Chance the Rapper & PnB Rock),Ed Sheeran,-6.373,0.12
263,Que Tire Pa Lante,Daddy Yankee,-2.814,0.0357
264,Dancin (feat. Luvli) - Krono Remix,Aaron Smith,-6.529,0.0287
265,Thinking out Loud,Ed Sheeran,-6.061,0.0295
266,Good as Hell,Lizzo,-3.18,0.0875
267,I'm Yours,Jason Mraz,-8.322,0.0468
268,The Git Up,Blanco Brown,-8.635,0.109
269,Vete,Bad Bunny,-4.394,0.188
270,Money,Cardi B,-6.508,0.29
271,Old Town Road,Lil Nas X,-6.112,0.127
272,Baila Baila Baila - Remix,Ozuna,-7.504,0.123
273,Hot (feat. Gunna),Young Thug,-8.044,0.235
274,"Taki Taki (feat. Selena Gomez, Ozuna & Cardi B)",DJ Snake,-4.167,0.228
275,Heaven,Avicii,-5.65,0.0275
276,Camelot,NLE Choppa,-5.252,0.401
277,Desconocidos,Mau y Ricky,-4.891,0.179
278,Si Se Da - Remix,Myke Towers,-5.612,0.299
279,xanny,Billie Eilish,-17.832,0.239
280,Feliz Navidad,José Feliciano,-7.059,0.0442
281,Que Calor (with J Balvin & El Alfa),Major Lazer,-4.129,0.0716
282,Antisocial (with Travis Scott),Ed Sheeran,-5.313,0.0495
283,Meant to Be (feat. Florida Georgia Line),Bebe Rexha,-6.61,0.0848
284,Who Do You Love,The Chainsmokers,-4.673,0.0447
285,Who Do You Love,The Chainsmokers,-4.673,0.0447
286,Heartless,The Weeknd,-5.831,0.111
287,Shotgun,George Ezra,-4.733,0.0457
288,Ella Quiere Beber - Remix,Anuel AA,-3.083,0.124
289,Quizas,Rich Music LTD,-2.454,0.153
290,NI BIEN NI MAL,Bad Bunny,-8.33,0.0674
291,Enemies (feat. DaBaby),Post Malone,-4.169,0.21
292,ME! (feat. Brendon Urie of Panic! At The Disco),Taylor Swift,-4.143,0.0702
293,Mother's Daughter,Miley Cyrus,-4.132,0.0594
294,Un Año,Sebastian Yatra,-6.808,0.0514
295,Armed And Dangerous,Juice WRLD,-6.702,0.311
296,Solo (feat. Demi Lovato),Clean Bandit,-4.608,0.0446
297,"DJ No Pare (feat. Zion, Dalex, Lenny Tavárez) - Remix",Justin Quiles,-3.922,0.0879
298,Good as Hell (feat. Ariana Grande) - Remix,Lizzo,-3.001,0.0645
299,Hollywood's Bleeding,Post Malone,-3.206,0.0476
300,Santa Tell Me,Ariana Grande,-7.364,0.116
301,XO Tour Llif3,Lil Uzi Vert,-6.366,0.231
302,VIBEZ,DaBaby,-2.708,0.307
303,Follow God,Kanye West,-3.503,0.418
304,Créeme,KAROL G,-3.501,0.0547
305,Loco Contigo (with J. Balvin & Tyga),DJ Snake,-3.04,0.0567
306,Kiss and Make Up,Dua Lipa,-4.383,0.146
307,Baby (Lil Baby feat. DaBaby),Quality Control,-7.259,0.366
308,Let You Love Me,Rita Ora,-3.344,0.283
309,Homicide (feat. Eminem),Logic,-5.667,0.398
310,Cross Me (feat. Chance the Rapper & PnB Rock),Ed Sheeran,-6.373,0.12
311,Vaina Loca,Ozuna,-4.249,0.0752
312,Ruin My Life,Zara Larsson,-5.265,0.0578
313,"A Whole New World (End Title) - From '"Aladdin'"",ZAYN,-8.16,0.0319
314,needy,Ariana Grande,-7.948,0.0366
315,NASA,Ariana Grande,-6.887,0.293
316,Slide Away,Miley Cyrus,-6.672,0.0335
317,Solo de Mi,Bad Bunny,-4.314,0.125
318,ME! (feat. Brendon Urie of Panic! At The Disco),Taylor Swift,-4.105,0.0571
319,Startender (feat. Offset and Tyga),A Boogie Wit da Hoodie,-4.653,0.133
320,Best Part (feat. Daniel Caesar),H.E.R.,-10.219,0.0405
321,Whine Up,Nicky Jam,-6.224,0.0758
322,Te Boté - Remix,Nio Garcia,-3.445,0.214
323,Nice To Meet Ya,Niall Horan,-4.351,0.0304
324,Sixteen,Ellie Goulding,-5.445,0.136
325,Tal Vez,Paulo Londra,-2.899,0.106
326,Vossi Bop,Stormzy,-6.062,0.339
327,Rodeo,Lil Nas X,-5.614,0.0324
328,"Baguettes in the Face (feat. NAV, Playboi Carti & A Boogie Wit da Hoodie)",Mustard,-8.054,0.0633
329,Speechless (feat. Erika Sirola),Robin Schulz,-4.777,0.062
330,Adan y Eva,Paulo Londra,-4.47,0.336
331,Aventura,Lunay,-3.208,0.0422
332,bloodline,Ariana Grande,-5.188,0.0774
333,Si Supieras,Daddy Yankee,-1.681,0.115
334,What I Like About You (feat. Theresa Rex),Jonas Blue,-3.584,0.05
335,Rise,Jonas Blue,-4.65,0.0333
336,It's Beginning to Look a Lot like Christmas,Michael Bublé,-11.714,0.0375
337,Envy Me,Calboy,-7.663,0.313
338,Ballin' (with Roddy Ricch),Mustard,-6.678,0.0735
339,bad idea,Ariana Grande,-5.316,0.0723
340,Bad Bad Bad (feat. Lil Baby),Young Thug,-8.888,0.184
341,Before You Go,Lewis Capaldi,-4.858,0.0573
342,Lost in the Fire,Gesaffelstein,-12.159,0.0359
343,Faucet Failure,Ski Mask The Slump God,-9.373,0.335
344,"El Favor (with Nicky Jam & Sech, feat. Farruko, Zion & Lunay)",Dimelo Flow,-3.234,0.0737
345,Rockin' Around The Christmas Tree,Brenda Lee,-8.749,0.0502
346,Soltera - Remix,Lunay,-4.271,0.0432
347,Jingle Bell Rock,Bobby Helms,-8.463,0.0363
348,imagine,Ariana Grande,-4.985,0.0364
349,Outta My Head (with John Mayer),Khalid,-7.818,0.0316
350,It's You,Ali Gatie,-6.972,0.0287
351,Splashin,Rich The Kid,-8.099,0.565
352,Sola,Manuel Turizo,-5.233,0.111
353,We Will Rock You - Remastered,Queen,-7.316,0.119
354,Baila Conmigo (feat. Kelly Ruiz),Dayvi,-3.506,0.0774
355,Shotta Flow (Feat. Blueface) [Remix],NLE Choppa,-4.768,0.42
356,In My Blood,Shawn Mendes,-7.321,0.066
357,Happy Now,Kygo,-6.998,0.0801
358,Goteo,Duki,-3.725,0.0414
359,Atrévete,Nicky Jam,-3.824,0.297
360,Call You Mine,The Chainsmokers,-5.59,0.0289
361,Walk Me Home,P!nk,-6.119,0.0445
362,Taste (feat. Offset),Tyga,-6.385,0.151
363,Space Cadet (feat. Gunna),Metro Boomin,-9.789,0.0645
364,Beautiful People (feat. Khalid),Ed Sheeran,-8.113,0.187
365,Un Año,Sebastian Yatra,-7.062,0.0531
366,Mad Love,Mabel,-2.999,0.172
367,Mistletoe,Justin Bieber,-9.049,0.0467
368,Last Hurrah,Bebe Rexha,-4.585,0.0317
369,Good Thing (with Kehlani),Zedd,-3.857,0.0378
370,Qué Pena,Maluma,-6.425,0.364
371,No Stylist,French Montana,-4.589,0.127
372,Hot Girl Summer (feat. Nicki Minaj & Ty Dolla $ign),Megan Thee Stallion,-4.568,0.155
373,Earth,Lil Dicky,-4.649,0.05
374,Roller,Apache 207,-6.471,0.144
375,Fuck Love (feat. Trippie Redd),XXXTENTACION,-9.74,0.0412
376,Hope,The Chainsmokers,-5.982,0.0958
377,BEBE,6ix9ine,-3.559,0.109
378,Just You and I,Tom Walker,-5.416,0.301
379,Mean It,Lauv,-8.543,0.0872
380,Soltera (Remix),Lunay,-4.788,0.0454
381,I,Lil Skies,-7.28,0.085
382,Be Alright,Dean Lewis,-7.595,0.034
383,Te Quemaste,Manuel Turizo,-2.486,0.131
384,MALA,6ix9ine,-3.627,0.0424
385,Hot (Remix) [feat. Gunna and Travis Scott],Young Thug,-8.206,0.216
386,Falling Down - Bonus Track,Lil Peep,-6.442,0.0286
387,Adore You,Harry Styles,-3.675,0.0483
388,KIKA,6ix9ine,-3.368,0.245
389,The Man,Taylor Swift,-5.191,0.054
390,Pop Out (feat. Lil Tjay),Polo G,-7.106,0.362
391,Post Malone (feat. RANI),Sam Feldt,-3.87,0.122
392,Electricity (with Dua Lipa),Silk City,-6.439,0.0473
393,Yellow Hearts,Ant Saunders,-8.943,0.0719
394,Soltera,Lunay,-4.325,0.0399
395,Imposible,Luis Fonsi,-4.078,0.0741
396,fake smile,Ariana Grande,-7.412,0.372
397,Ayy Macarena,Tyga,-5.568,0.226
398,Nightmare,Halsey,-5.075,0.0734
399,imagine,Ariana Grande,-4.993,0.039
400,Watermelon Sugar,Harry Styles,-4.209,0.0465
401,Clout (feat. Cardi B),Offset,-7.384,0.0997
402,Hola - Remix,Dalex,-5.98,0.311
403,wish you were gay,Billie Eilish,-10.198,0.241
404,Pure Water (with Migos),Mustard,-5.545,0.127
405,Nights Like This (feat. Ty Dolla $ign),Kehlani,-5.131,0.15
406,Te Soñé De Nuevo,Ozuna,-2.867,0.107
407,Look Alive (feat. Drake),BlocBoy JB,-7.495,0.27
408,Back To You - From 13 Reasons Why – Season 2 Soundtrack,Selena Gomez,-4.856,0.0486
409,My Oh My (feat. DaBaby),Camila Cabello,-6.024,0.0296
410,Somebody To Love - 2011 Mix,Queen,-7.024,0.0624
411,I Love It (& Lil Pump),Kanye West,-8.304,0.33
412,Behind Barz - Bonus,Drake,-4.684,0.172
413,Circles,Post Malone,-3.497,0.0395
414,Stuck In A Dream (feat. Gunna),Lil Mosey,-6.445,0.0816
415,Let It Snow! Let It Snow! Let It Snow! (with The B. Swanson Quartet),Frank Sinatra,-13.336,0.0595
416,Find U Again (feat. Camila Cabello),Mark Ronson,-7.162,0.0316
417,Happy Xmas (War Is Over) - Remastered,John Lennon,-11.076,0.0315
418,Holly Jolly Christmas,Michael Bublé,-8.308,0.0428
419,whoa (mind in awe),XXXTENTACION,-2.939,0.0441
420,Rewrite The Stars (with James Arthur & Anne-Marie),James Arthur,-4.993,0.0393
421,Ya No Tiene Novio,Sebastian Yatra,-1.948,0.154
422,ilomilo,Billie Eilish,-15.044,0.0585
423,Feelings,Lauv,-6.758,0.0384
424,Don't Check On Me (feat. Justin Bieber & Ink),Chris Brown,-5.242,0.0333
425,Woah,Lil Baby,-5.554,0.245
426,Roller,Apache 207,-6.47,0.17
427,Walk Me Home,P!nk,-6.119,0.0445
428,Bola Rebola,Tropkillaz,-4.538,0.0593
429,Noticed,Lil Mosey,-7.622,0.0603
430,365,Zedd,-5.479,0.034
431,On A Roll,Ashley O,-6.354,0.0896
432,La Boca - Remix,Mau y Ricky,-3.812,0.0355
433,Die For Me (feat. Future & Halsey),Post Malone,-2.848,0.0441
434,Up All Night,Khalid,-7.536,0.0527
435,breathin,Ariana Grande,-5.413,0.0433
436,Asesina - Remix,Brytiago,-4.252,0.226
437,Nights Like This (feat. Ty Dolla $ign),Kehlani,-5.131,0.15
438,Watermelon Sugar,Harry Styles,-4.209,0.0465
439,Keanu Reeves,Logic,-6.457,0.235
440,Good As Hell,Lizzo,-3.187,0.0765
441,Remember The Name (feat. Eminem & 50 Cent),Ed Sheeran,-6.923,0.184
442,Culpables,KAROL G,-2.942,0.0683
443,YOSEMITE,Travis Scott,-6.571,0.0409
444,God is a woman,Ariana Grande,-5.934,0.0558
445,Pa Olvidarte (feat. Manuel Turizo) - Remix,ChocQuibTown,-5.411,0.169
446,Cruel Summer,Taylor Swift,-5.707,0.157
447,My Bad,Khalid,-9.127,0.0823
448,listen before i go,Billie Eilish,-23.023,0.045
449,Underneath the Tree,Kelly Clarkson,-5.438,0.0537
450,Candy,Doja Cat,-5.857,0.0444
451,R.I.P. (feat. Rita Ora & Anitta),Sofia Reyes,-3.713,0.0711
452,MONOPOLY (with Victoria Monét),Ariana Grande,-8.282,0.378
453,Lonely (with Jonas Brothers),Diplo,-5.121,0.0573
454,No Guidance (feat. Drake),Chris Brown,-6.756,0.151
455,Be Honest (feat. Burna Boy),Jorja Smith,-6.728,0.114
456,Cuando Te Besé,Becky G,-3.713,0.213
457,Rebota - Remix,Guaynaa,-2.279,0.204
458,Mad Love,Mabel,-2.999,0.172
459,Juice,Lizzo,-2.988,0.0963
460,ghostin,Ariana Grande,-8.294,0.0292
461,ROXANNE,Arizona Zervas,-5.616,0.148
462,Swing,Danny Ocean,-6.422,0.249
463,Happier,Ed Sheeran,-7.355,0.0288
464,"Let Me Go (with Alesso, Florida Georgia Line & watt)",Hailee Steinfeld,-4.154,0.0473
465,Make It Right (feat. Lauv),BTS,-7.811,0.425
466,Fast,Juice WRLD,-5.937,0.0434
467,Right Back (feat. A Boogie Wit Da Hoodie),Khalid,-10.011,0.31
468,La Boca,Mau y Ricky,-1.8,0.113
469,VALENTINO,24kGoldn,-4.853,0.183
470,Bellacoso,Residente,-2.795,0.255
471,Driving Home for Christmas - 2019 Remaster,Chris Rea,-10.863,0.038
472,Swan Song,Dua Lipa,-6.54,0.216
473,Wonderful Christmastime [Edited Version] - Remastered 2011 / Edited Version,Paul McCartney,-8.914,0.0319
474,Ric Flair Drip (& Metro Boomin),Offset,-8.28,0.206
475,No Idea,Don Toliver,-4.973,0.102
476,My Bad,Khalid,-9.146,0.0906
477,F.N,Lil Tjay,-10.265,0.247
478,Trigger,Major Lazer,-7.041,0.251
479,Lover (Remix) [feat. Shawn Mendes],Taylor Swift,-7.176,0.064
480,The Box,Roddy Ricch,-6.687,0.0559
481,HUMBLE.,Kendrick Lamar,-6.638,0.102
482,Saint-Tropez,Post Malone,-3.618,0.0439
483,SLOW DANCING IN THE DARK,Joji,-7.458,0.0261
484,Futsal Shuffle 2020,Lil Uzi Vert,-8.191,0.156
485,Undecided,Chris Brown,-5.318,0.0966
486,Contra La Pared,Sean Paul,-7.14,0.118
487,Writing on the Wall (feat. Post Malone & Cardi B),French Montana,-2.326,0.153
488,On The Road (feat. Meek Mill & Lil Baby),Post Malone,-5.046,0.109
489,I'm a Mess,Bebe Rexha,-6.257,0.0253
490,11 Minutes (with Halsey feat. Travis Barker),YUNGBLUD,-3.804,0.067
491,The Christmas Song (Merry Christmas To You),Nat King Cole,-15.231,0.0341
492,FEFE,6ix9ine,-9.127,0.412
493,"Fire On Fire - From '"Watership Down'"",Sam Smith,-7.356,0.046
494,July,Noah Cyrus,-8.953,0.0422
495,Outnumbered,Dermot Kennedy,-5.79,0.157
496,White Christmas,Bing Crosby,-16.485,0.0381
497,monster,21 Savage,-6.916,0.124
498,Cool,Jonas Brothers,-5.533,0.0458
499,Stuck In A Dream (feat. Gunna),Lil Mosey,-5.943,0.0753
500,Freaky,Tory Lanez,-5.764,0.0618
501,If The World Was Ending (feat. Julia Michaels),JP Saxe,-10.086,0.129
502,I Forgot That You Existed,Taylor Swift,-10.345,0.519
503,Imposible,Luis Fonsi,-2.935,0.0798
504,Take Me Back to London (feat. Stormzy),Ed Sheeran,-5.513,0.216
505,Robbery,Juice WRLD,-5.179,0.0442
506,No Sleep (feat. Bonn),Martin Garrix,-6.385,0.0326
507,in my head,Ariana Grande,-6.402,0.0703
508,8,Billie Eilish,-13.239,0.315
509,BAD!,XXXTENTACION,-3.4,0.0671
510,Blanco,J Balvin,-5.395,0.126
511,Red Room,Offset,-8.587,0.157
512,Cuerpo en Venta,Noriel,-5.749,0.302
513,Isis,Joyner Lucas,-6.792,0.255
514,Roses (with Juice WRLD feat. Brendon Urie),benny blanco,-7.089,0.164
515,A Holly Jolly Christmas - Single Version,Burl Ives,-13.056,0.0303
516,Merry Christmas Everyone,Shakin' Stevens,-3.315,0.0369
517,Did It Again,Lil Tecca,-9.929,0.191
518,Enemies (feat. DaBaby),Post Malone,-4.169,0.21
519,Panini - DaBaby Remix,Lil Nas X,-5.613,0.0809
520,Have Yourself A Merry Little Christmas,Sam Smith,-9.402,0.0414
521,Soldi,Mahmood,-9.871,0.0483
522,Time - Edit,NF,-3.885,0.07
523,Sunflower - Spider-Man: Into the Spider-Verse,Post Malone,-4.368,0.0575
524,All Day And Night - Jax Jones & Martin Solveig Present Europa,Jax Jones,-4.101,0.0897
525,It's the Most Wonderful Time of the Year,Andy Williams,-11.656,0.0411
526,Sanctuary,Joji,-7.199,0.128
527,Treat You Better,Shawn Mendes,-4.078,0.341
528,The Bones,Maren Morris,-6.642,0.0347
529,Let It Snow! Let It Snow! Let It Snow!,Dean Martin,-14.014,0.0351
530,I Think I'm OKAY (with YUNGBLUD & Travis Barker),Machine Gun Kelly,-4.718,0.0379
531,Easy,Camila Cabello,-5.731,0.0463
532,Bellaquita,Dalex,-3.961,0.106
533,Lights Up,Harry Styles,-8.165,0.032
534,BUTTERFLY EFFECT,Travis Scott,-5.851,0.0503
535,make up,Ariana Grande,-5.373,0.21
536,Praise The Lord (Da Shine) (feat. Skepta),A$AP Rocky,-8.152,0.136
537,All Girls Are The Same,Juice WRLD,-7.226,0.307
538,Ransom (with Juice WRLD) - Remix,Lil Tecca,-6.427,0.366
539,Take What You Want (feat. Ozzy Osbourne & Travis Scott),Post Malone,-2.665,0.0502
540,Amigos Con Derechos,Reik,-3.324,0.0613
541,It's the Most Wonderful Time of the Year,Andy Williams,-8.435,0.037
542,Arcade,Duncan Laurence,-12.603,0.0441
543,Love Me,Lil Tecca,-6.837,0.271
544,F.N,Lil Tjay,-10.269,0.255
545,Hollywood's Bleeding,Post Malone,-3.206,0.0476
546,Circles,Post Malone,-3.537,0.0402
547,Did It Again,Lil Tecca,-9.929,0.191
548,Falling,Harry Styles,-6.502,0.0299
549,Bellaquita - Remix,Dalex,-3.582,0.0838
550,The Archer,Taylor Swift,-9.375,0.0401
551,Hear Me Calling,Juice WRLD,-3.997,0.106
552,Jackie Chan,Tiësto,-2.867,0.045
553,Shameless,Camila Cabello,-5.437,0.0588
554,Not Ok,Kygo,-8.14,0.0372
555,Just Us (feat. SZA),DJ Khaled,-2.758,0.147
556,I Don't Belong In This Club,Why Don't We,-5.744,0.0439
557,Who Do You Love,The Chainsmokers,-4.673,0.0447
558,Baby,Amenazzy,-4.835,0.0532
559,Used To Love (with Dean Lewis),Martin Garrix,-4.722,0.0375
560,200 km/h,Apache 207,-6.413,0.177
561,Best Part of Me (feat. YEBBA),Ed Sheeran,-8.367,0.0318
562,So Close,NOTD,-5.896,0.0666
563,Tilidin,Capital Bra,-4.892,0.384
564,Ransom,Lil Tecca,-6.257,0.287
565,Liar,Camila Cabello,-6.684,0.0456
566,It's Beginning to Look a Lot Like Christmas (with Mitchell Ayres & His Orchestra),Perry Como,-12.25,0.0599
567,Fairytale of New York (feat. Kirsty MacColl),The Pogues,-6.335,0.0342
568,First Off (feat. Travis Scott),Future,-6.105,0.0776
569,Love Lies (with Normani),Khalid,-5.626,0.0449
664,Everything We Need,Kanye West,-6.823,0.0538
570,Jingle Bell Rock - Daryl's Version,Daryl Hall & John Oates,-3.592,0.0312
571,110,Capital Bra,-5.057,0.432
572,Make No Sense,YoungBoy Never Broke Again,-4.478,0.333
573,Lights Up,Harry Styles,-8.165,0.032
574,Die For Me (feat. Future & Halsey),Post Malone,-2.848,0.0441
575,Santa Claus Is Coming to Town,Michael Bublé,-7.109,0.0517
576,Thunderclouds,Sia,-5.985,0.0351
577,Small Talk,Katy Perry,-5.547,0.1
578,Woman Like Me (feat. Nicki Minaj),Little Mix,-3.449,0.0608
579,Butterfly Doors,Lil Pump,-11.265,0.169
580,Heartless (feat. Morgan Wallen),Diplo,-6.414,0.0604
581,Every Breath You Take,The Police,-9.796,0.0348
582,Legends,Juice WRLD,-5.244,0.0844
583,Wolves,Selena Gomez,-4.614,0.0448
584,Harleys In Hawaii,Katy Perry,-6.207,0.132
585,Homicide,Logic,-5.656,0.398
586,Own It (feat. Ed Sheeran & Burna Boy),Stormzy,-4.178,0.112
587,Hot Shower,Chance the Rapper,-7.578,0.374
588,Don't Stop Believin',Journey,-9.072,0.0363
589,Cherry Lady,Capital Bra,-7.145,0.0755
590,"Hey Look Ma, I Made It",Panic! At The Disco,-3.337,0.0695
591,Trampoline,SHAED,-7.523,0.0301
592,Moonlight,Gaullin,-5.687,0.085
593,Nice For What,Drake,-6.474,0.0705
594,Blue Christmas,Elvis Presley,-16.661,0.0425
595,On The Road (feat. Meek Mill & Lil Baby),Post Malone,-5.046,0.109
596,Orphans,Coldplay,-5.051,0.045
597,Piece Of Your Heart,MEDUZA,-6.806,0.0295
598,Think About You,Kygo,-7.891,0.0354
599,A Thousand Bad Times,Post Malone,-3.498,0.092
600,CANGURO,WOS,-4.358,0.327
601,Paradise,Bazzi,-6.273,0.0479
602,Pa' Olvidarme De Ella,Piso 21,-5.195,0.0514
603,Paper Rings,Taylor Swift,-6.553,0.0497
604,Nuketown (feat. Juice WRLD),Ski Mask The Slump God,-9.32,0.442
605,Crushed Up,Future,-6.794,0.23
606,Turn Me On (feat. Vula),Riton,-4.711,0.0396
607,Find U Again (feat. Camila Cabello),Mark Ronson,-7.162,0.0316
608,"fuck, i''m lonely (with Anne-Marie) - from “13 Reasons Why: Season 3”",Lauv,-6.46,0.0683
609,A Thousand Bad Times,Post Malone,-3.498,0.092
610,Lucky You (feat. Joyner Lucas),Eminem,-4.884,0.306
611,Own It (feat. Ed Sheeran & Burna Boy),Stormzy,-4.178,0.112
612,Christmas (Baby Please Come Home),Mariah Carey,-7.444,0.0311
613,Fine China,Future,-7.358,0.323
614,Big Plans,Why Don't We,-5.279,0.0427
615,Tough Love,Avicii,-4.837,0.0432
616,Wieder Lila,Samra,-4.026,0.3
617,SOLO,JENNIE,-5.165,0.087
618,Wow. - Remix,Post Malone,-6.272,0.194
619,Light It Up (with Tyga & Chris Brown),Marshmello,-3.593,0.071
620,On God,Kanye West,-4.413,0.155
621,Takeaway (feat. Lennon Stella),The Chainsmokers,-8.106,0.042
622,I THINK,"Tyler, The Creator",-8.241,0.0801
623,Closed On Sunday,Kanye West,-7.353,0.0318
624,Love Me,Lil Tecca,-6.897,0.28
625,Rebota,Guaynaa,-1.998,0.285
626,Won't Be Late (feat. Drake),Swae Lee,-6.302,0.0677
627,Racks In The Middle (feat. Roddy Ricch and Hit-Boy),Nipsey Hussle,-5.152,0.395
628,Undrunk,FLETCHER,-6.703,0.0781
629,Lie To Me (feat. Julia Michaels),5 Seconds of Summer,-5.445,0.0346
630,Amor Genuino,Ozuna,-4.071,0.0381
631,Ne reviens pas,Gradur,-3.384,0.0638
632,223's (feat. 9lokknine),YNW Melly,-7.787,0.333
633,Surtada - Remix Brega Funk,Dadá Boladão,-7.026,0.0587
634,Loyal (feat. Drake),PARTYNEXTDOOR,-6.347,0.0495
635,Young Dumb & Broke,Khalid,-6.351,0.0421
636,Nothing On You (feat. Paulo Londra & Dave),Ed Sheeran,-6.218,0.219
637,What Am I,Why Don't We,-4.681,0.0524
638,Baby,Quality Control,-7.259,0.366
639,Love Me,Lil Tecca,-10.325,0.251
640,Wow.,Post Malone,-7.359,0.208
641,Selah,Kanye West,-5.673,0.197
642,Feel Special,TWICE,-1.339,0.0603
643,Silence,Marshmello,-3.093,0.0853
644,Mr. Brightside,The Killers,-3.74,0.0808
645,Atrasadinha - Ao Vivo,Felipe Araújo,-3.396,0.109
646,PPP,Kevin Roldan,-6.839,0.109
647,Better When You're Gone,David Guetta,-3.548,0.0372
648,Family,The Chainsmokers,-6.605,0.0356
649,Allergic,Post Malone,-3.694,0.0787
650,I.F.L.Y.,Bazzi,-4.823,0.0385
651,The Less I Know The Better,Tame Impala,-4.083,0.0284
652,That's a Rack,Lil Uzi Vert,-8.04,0.501
653,Ransom (with Juice WRLD) - Remix,Lil Tecca,-6.424,0.289
654,Envy Me,Calboy,-7.664,0.27
655,Focus (feat. 21 Savage),Bazzi,-5.268,0.0969
656,Quizás,Rich Music LTD,-2.454,0.153
657,Solo Pienso En Ti (feat. De La Ghetto & Justin Quiles),Paulo Londra,-4.727,0.0718
658,Miss Americana & The Heartbreak Prince,Taylor Swift,-6.926,0.0736
659,Step Into Christmas,Elton John,-5.584,0.0363
660,Everybody Dies In Their Nightmares,XXXTENTACION,-7.066,0.133
661,VALENTINO,24kGoldn,-4.841,0.179
662,I'm Gonna Be,Post Malone,-4.008,0.0316
663,I Think He Knows,Taylor Swift,-8.029,0.0569
665,Staring At The Sun (feat. SZA),Post Malone,-4.389,0.184
666,Playing Games (with Bryson Tiller) - Extended Version,Summer Walker,-6.606,0.0614
667,Power is Power,SZA,-7.485,0.0641
668,Mine,Bazzi,-3.874,0.0722
669,Legacy (feat. Travis Scott & 21 Savage),Offset,-8.769,0.335
670,The Archer,Taylor Swift,-9.375,0.0401
671,Cornelia Street,Taylor Swift,-9.728,0.0827
672,110,Capital Bra,-5.057,0.432
673,Santa Claus Is Coming To Town,The Jackson 5,-10.803,0.0371
674,Christmas Lights,Coldplay,-9.146,0.0296
675,Like It's Christmas,Jonas Brothers,-6.007,0.102
676,London Boy,Taylor Swift,-6.639,0.05
677,Mikrokosmos,BTS,-5.212,0.114
678,Babushka Boi,A$AP Rocky,-5.446,0.222
679,Dream Glow (BTS World Original Soundtrack) - Pt. 1,BTS,-3.837,0.0519
680,Wieso tust Du dir das an?,Apache 207,-6.962,0.055
681,Don't Worry Bout Me,Zara Larsson,-6.274,0.0636
682,Make It Right,BTS,-7.874,0.444
683,Au DD,PNL,-7.706,0.0704
684,Use This Gospel,Kanye West,-3.926,0.0422
685,Falling Like The Stars,James Arthur,-9.538,0.0351
686,Adore You,Harry Styles,-3.675,0.0483
687,Combatchy (feat. MC Rebecca),Anitta,-3.032,0.0809
688,SOS,Avicii,-6.181,0.0715
689,All Day And Night - Jax Jones & Martin Solveig Present Europa,Jax Jones,-4.101,0.0897
690,Lover,Taylor Swift,-7.582,0.0919
691,Somebody To Love - 2011 Mix,Queen,-7.024,0.0565
692,Immortal,21 Savage,-3.494,0.503
693,Bones (feat. OneRepublic),Galantis,-5.735,0.0377
694,All The Stars (with SZA),Kendrick Lamar,-4.946,0.0597
695,Sin Pijama,Becky G,-3.695,0.0464
696,Let Me Know (I Wonder Why Freestyle),Juice WRLD,-7.895,0.0832
697,Hold Me While You Wait,Lewis Capaldi,-5.507,0.0333
698,Roses - Imanbek Remix,SAINt JHN,-5.484,0.0495
699,Press,Cardi B,-5.665,0.305
700,Todo Mundo Vai Sofrer - Ao Vivo,Marília Mendonça,-3.864,0.0738
701,Empty,Juice WRLD,-4.869,0.0807
702,Liberdade Provisória,Henrique & Juliano,-5.937,0.0527
703,Run Rudolph Run - Single Version,Chuck Berry,-10.609,0.0912
704,Date La Vuelta,Luis Fonsi,-2.903,0.0566
705,Punto G,KAROL G,-4.716,0.0907
706,What Lovers Do,Maroon 5,-5.131,0.0611
707,Calling My Spirit,Kodak Black,-9.954,0.0941
708,These Days,Rudimental,-4.057,0.0474
709,Sigues Con El,Dimelo Flow,-2.957,0.113
710,Death By A Thousand Cuts,Taylor Swift,-6.754,0.0629
711,HOME,BTS,-4.625,0.0429
712,Suicidal,YNW Melly,-9.682,0.0688
713,Olabilir,MERO,-6.677,0.0345
714,Do You Mean (feat. Ty Dolla $ign & bülow),The Chainsmokers,-9.827,0.0394
715,Ela É do Tipo,MC Kevin o Chris,-6.615,0.373
716,MEGATRON,Nicki Minaj,-3.051,0.272
717,Prinzessa,Capital Bra,-6.766,0.125
718,goodbye,Billie Eilish,-21.877,0.0503
719,Tap (feat. Meek Mill),NAV,-7.033,0.251
720,Santa Baby,Ariana Grande,-5.749,0.136
721,Popopop,Gambi,-6.194,0.31
722,Myself,Post Malone,-4.234,0.0349
723,Wolke 10,MERO,-4.985,0.0693
724,Old Town Road - Remix,Lil Nas X,-5.777,0.226
725,Doin' Time,Lana Del Rey,-11.196,0.0519
726,Dionysus,BTS,-2.769,0.107
727,Forever Alone,Paulo Londra,-8.392,0.0561
728,Alone,Marshmello,-3.74,0.0353
729,Kill This Love,BLACKPINK,-4.141,0.237
730,Splashin,Rich The Kid,-8.099,0.564
731,Allergic,Post Malone,-3.694,0.0787
732,Graduation (with Juice WRLD),benny blanco,-5.286,0.271
733,Cristina,Sebastian Yatra,-4.342,0.0557
734,Go Loko,YG,-5.188,0.0429
735,Death,Trippie Redd,-5.969,0.146
736,Soldi,Mahmood,-9.832,0.0466
737,RUNNING OUT OF TIME,"Tyler, The Creator",-10.6,0.0528
738,Hobby Hobby,MERO,-6.464,0.298
739,Somebody,Internet Money,-6.659,0.256
740,"Nicki Nicole: Bzrp Music Sessions, Vol. 13",Bizarrap,-5.047,0.0496
741,Ibiza,Ozuna,-5.144,0.335
742,I Know,Post Malone,-5.671,0.0763
743,No Te Debí Besar,C. Tangana,-5.682,0.316
744,Internet,Post Malone,-6.071,0.0314
745,Con Calma - Remix,Daddy Yankee,-3.01,0.0454
746,2002,Sido,-7.907,0.236
747,blun7 a swishland,tha Supreme,-5.984,0.245
748,Cry for Me,Camila Cabello,-4.134,0.0927
749,Everyday,Logic,-4.099,0.0378
750,"Santa Claus Is Comin'' to Town - Live at C.W. Post College, Greenvale, NY - December 1975",Bruce Springsteen,-8.444,0.0482
751,INTRO,DaBaby,-7.699,0.242
752,Old Town Road (feat. RM of BTS) - Seoul Town Road Remix,Lil Nas X,-5.996,0.154
753,Out Of Love,Alessia Cara,-9.25,0.0336
754,Au DD,PNL,-7.706,0.0704
755,Golden,Harry Styles,-5.257,0.0557
756,No New Friends,Sia,-4.622,0.0429
757,Drugs & The Internet,Lauv,-6.596,0.133
758,God Is,Kanye West,-4.394,0.0254
759,I'll Be Home,Meghan Trainor,-7.779,0.0267
760,Takeaway,The Chainsmokers,-8.144,0.0324
761,Jenifer,Gabriel Diniz,-2.533,0.0453
762,Wir ticken,Capital Bra,-4.951,0.427
763,Wish Wish (feat. Cardi B & 21 Savage),DJ Khaled,-5.18,0.343
764,Thank God It's Christmas - Non-Album Single,Queen,-8.891,0.0285
765,Christmas Tree Farm,Taylor Swift,-4.505,0.0331
766,Don't Pretend (feat. SAFE),Khalid,-8.833,0.0815
767,Old Town Road (feat. Billy Ray Cyrus) - Remix,Lil Nas X,-5.56,0.102
768,Supera - Ao Vivo,Marília Mendonça,-4.434,0.0567
769,6 Kiss,Trippie Redd,-10.061,0.154
770,Santa's Coming For Us,Sia,-4.486,0.0999
771,Ransom (with Juice WRLD) - Remix,Lil Tecca,-6.436,0.276
772,Every Hour,Kanye West,-6.23,0.0794
773,Afterglow,Taylor Swift,-8.746,0.0344
774,Water,Kanye West,-12.404,0.1
775,HIGHEST IN THE ROOM (feat. ROSALÍA & Lil Baby) - REMIX,Travis Scott,-7.033,0.0333
776,I'm Gonna Be,Post Malone,-4.008,0.0316
777,Project Dreams,Marshmello,-2.129,0.177
778,Make Believe,Juice WRLD,-4.35,0.0722
779,Jamais Vu,BTS,-6.73,0.0428
780,FANCY,TWICE,-2.15,0.045
781,Crushed Up,Future,-6.817,0.209
782,Staring At The Sun (feat. SZA),Post Malone,-4.389,0.184
783,One More Sleep,Leona Lewis,-3.845,0.0362
784,Cherry,Harry Styles,-9.261,0.0259
785,Tongue Tied (with YUNGBLUD & blackbear),Marshmello,-2.721,0.0525
786,NEW MAGIC WAND,"Tyler, The Creator",-5.414,0.107
787,Santa Baby,Kylie Minogue,-7.12,0.0449
788,Nautilus,Shindy,-6.164,0.331
789,Yes Indeed,Lil Baby,-9.309,0.53
790,Living Proof,Camila Cabello,-5.464,0.082
791,Sauce!,XXXTENTACION,-13.672,0.0347
792,Pure Cocaine,Lil Baby,-6.071,0.421
793,Alocao (With Bad Gyal),Omar Montes,-4.705,0.0567
794,BLOW (with Chris Stapleton & Bruno Mars),Ed Sheeran,-5.35,0.0401
795,Lalala,Y2K,-7.899,0.0845
796,Floating (feat. 21 Savage),ScHoolboy Q,-4.977,0.344
797,On My Way,Alan Walker,-4.929,0.102
798,Fingías,Paloma Mami,-3.83,0.184
799,Haute (feat. J Balvin & Chris Brown),Tyga,-3.692,0.114
800,Don't Know What To Do,BLACKPINK,-4.164,0.049
801,i'm so tired...,Lauv,-7.058,0.203
802,Hasta Que Salga el Sol,Ozuna,-4.22,0.0516
803,Orphans,Coldplay,-5.051,0.045
804,Girls Need Love (with Drake) - Remix,Summer Walker,-9.481,0.217
805,KARMA,Nimo,-6.121,0.0742
806,"Thotiana (feat. Cardi B, YG) [Remix]",Blueface,-4.833,0.28
807,Juicy (feat. Tyga),Doja Cat,-2.607,0.0669
808,Hands On,Kanye West,-8.72,0.529
809,Gold Roses (feat. Drake),Rick Ross,-5.318,0.407
810,Ela,Reynmen,-6.768,0.0521
811,Be Honest,Jorja Smith,-5.891,0.106
812,Did It Again,Lil Tecca,-9.922,0.159
813,7 Minutes,Dean Lewis,-6.478,0.0311
814,Maze,Juice WRLD,-3.813,0.141
815,Mala Mía,Maluma,-4.883,0.345
816,Rolex,Capital Bra,-6.542,0.345
817,Numb Numb Juice,ScHoolboy Q,-7.756,0.458
818,BROWN SKIN GIRL,Blue Ivy,-7.083,0.23
819,Insomnia,Daya,-5.095,0.0611
820,Who Needs Love,Trippie Redd,-7.664,0.0714
821,MOOD 4 EVA (feat. Oumou Sangaré),Beyoncé,-6.175,0.374
822,"Never Recover (Lil Baby & Gunna, Drake)",Lil Baby,-5.415,0.284
823,Wake Me Up,Avicii,-5.697,0.0523
824,IGOR'S THEME,"Tyler, The Creator",-7.371,0.377
825,MOJAITA,J Balvin,-3.602,0.102
826,Put It All on Me (feat. Ella Mai),Ed Sheeran,-8.306,0.0478
827,Fantasía,Ozuna,-5.938,0.0903
828,Robbery,Juice WRLD,-5.17,0.054
829,Shots,Lil Tecca,-5.721,0.0415
830,No Es Justo,J Balvin,-4.494,0.0714
831,SUPREME - L'ego (feat. tha Supreme & Sfera Ebbasta),Marracash,-5.888,0.0602
832,Psycho,Red Velvet,-2.203,0.0446
833,Puntos Suspensivos,Piso 21,-3.399,0.103
834,False God,Taylor Swift,-10.862,0.239
835,I Saw Mommy Kissing Santa Claus,The Jackson 5,-11.694,0.0548
836,CHopstix (with Travis Scott),ScHoolboy Q,-6.996,0.118
837,She,Harry Styles,-5.942,0.0272
838,Winter Wonderland,Tony Bennett,-14.15,0.0415
839,OUT WEST (feat. Young Thug),JACKBOYS,-4.895,0.225
840,Never Go Back,Dennis Lloyd,-4.85,0.398
841,A BOY IS A GUN*,"Tyler, The Creator",-8.302,0.178
842,Que Le De,Rauw Alejandro,-2.715,0.0785
843,Feels (feat. Young Thug & J Hus),Ed Sheeran,-4.899,0.29
844,I Think I'm OKAY (with YUNGBLUD & Travis Barker),Machine Gun Kelly,-4.744,0.0325
845,I Warned Myself,Charlie Puth,-11.467,0.297
846,Best Part of Me (feat. YEBBA),Ed Sheeran,-8.367,0.0318
847,Soon You’ll Get Better (feat. Dixie Chicks),Taylor Swift,-12.566,0.0641
848,These Days,Rudimental,-4.084,0.0451
849,Under The Sun (with J. Cole & Lute feat. DaBaby),Dreamville,-6.441,0.369
850,All For Us - from the HBO Original Series Euphoria,Labrinth,-7.145,0.0931
851,Diamonds (feat. Capital Bra),Summer Cem,-8.685,0.272
852,Call You Mine (feat. Bebe Rexha),The Chainsmokers,-5.59,0.0289
853,Agora é Tudo Meu,Dennis DJ,-3.306,0.106
854,WHAT'S GOOD,"Tyler, The Creator",-6.553,0.487
855,Ta To Gucci (Remix),Cauty,-6.405,0.378
856,Yellow Hearts,Ant Saunders,-10.938,0.0745
857,Terremoto,Anitta,-5.836,0.0898
858,Price On My Head (feat. The Weeknd),NAV,-6.104,0.136
859,Lean Wit Me,Juice WRLD,-5.515,0.156
860,Norman fucking Rockwell,Lana Del Rey,-12.49,0.0368
861,Panini,Lil Nas X,-6.146,0.0752
862,Affalterbach,Shindy,-4.663,0.327
863,My Type,Saweetie,-6.294,0.258
864,GANG GANG,JACKBOYS,-4.63,0.301
865,Eiskalt,Loredana,-6.001,0.14
866,Contando Lunares (feat. Cruz Cafuné),Don Patricio,-10.481,0.131
867,To Be So Lonely,Harry Styles,-7.269,0.0418
868,Wanted,OneRepublic,-6.586,0.0677
869,Wolke 10,MERO,-4.985,0.0693
870,quando a bad bater - ao vivo,Luan Santana,-4.767,0.0414
871,C7osure (You Like),Lil Nas X,-5.515,0.247
872,Happy Now,Zedd,-5.128,0.047
873,Can We Kiss Forever?,Kina,-18.717,0.0357
874,PUPPET,"Tyler, The Creator",-8.967,0.0478
875,Daylight,Taylor Swift,-9.602,0.0563
876,"Sunflower, Vol. 6",Harry Styles,-6.904,0.035
877,1000 Nights (feat. Meek Mill & A Boogie Wit da Hoodie),Ed Sheeran,-5.548,0.27
878,Had Enough (feat. Quavo & Offset),Don Toliver,-4.577,0.113
879,Pass auf wen du liebst,Ufo361,-8.974,0.185
880,WHAT TO DO? (feat. Don Toliver),JACKBOYS,-5.191,0.0312
881,Omertà,Drake,-2.232,0.298
882,Hot (Remix) [feat. Gunna and Travis Scott],Young Thug,-8.206,0.216
883,Jetzt rufst du an,Loredana,-7.285,0.136
884,Intro : Persona,BTS,-4.475,0.342
885,Chlorine,Twenty One Pilots,-7.388,0.0548
886,Gaiola É o Troco,MC Du Black,-3.24,0.0785
887,No Way!,Bazzi,-4.117,0.0407
888,"GONE, GONE / THANK YOU","Tyler, The Creator",-8.436,0.193
889,Zombie,Samra,-5.764,0.13
890,Celebrate (feat. Travis Scott & Post Malone),DJ Khaled,-3.07,0.0835
891,DODI,Shindy,-7.057,0.0629
892,Jesus Is Lord,Kanye West,-5.876,0.0305
893,Way To Break My Heart (feat. Skrillex),Ed Sheeran,-6.304,0.159
894,Almost (Sweet Music),Hozier,-5.601,0.105
895,200 km/h,Apache 207,-6.455,0.163
896,Honda Civic,The Cratez,-5.471,0.164
897,Old Town Road,Lil Nas X,-6.063,0.129
898,I Don't Want Your Money (feat. H.E.R.),Ed Sheeran,-6.569,0.0853
899,Maghreb Gang (feat. French Montana & Khaled),Farid Bang,-5.341,0.186
900,Anxiety (with Selena Gomez),Julia Michaels,-6.522,0.179
901,Red Room,Offset,-8.591,0.158
902,Mekanın Sahibi,Norm Ender,-5.769,0.159
903,Wieso tust Du dir das an?,Apache 207,-7.011,0.057
904,all my friends,21 Savage,-4.513,0.0422
905,Hallelujah,Pentatonix,-7.385,0.0361
906,UN PESO,J Balvin,-7.125,0.213
907,Huracan,Samra,-5.192,0.442
908,Jerry Sprunger (with T-Pain),Tory Lanez,-5.331,0.227
909,I Tuoi Particolari,Ultimo,-5.682,0.063
910,DNA,KC Rebell,-5.242,0.264
911,Benzema,Capital Bra,-6.156,0.329
912,DEUTSCHLAND,Rammstein,-5.242,0.0442
913,Fuck it I love you,Lana Del Rey,-10.654,0.043
914,You Make It Feel Like Christmas (feat. Blake Shelton),Gwen Stefani,-4.291,0.04
915,"No New Friends (feat. Sia, Diplo, and Labrinth)",Sia,-4.641,0.0466
916,It’s Nice To Have A Friend,Taylor Swift,-9.912,0.0401
917,Time - Edit,NF,-3.885,0.07
918,Myself,Post Malone,-4.234,0.0349
919,Shotta Flow,NLE Choppa,-6.728,0.588
920,Racks on Racks,Lil Pump,-7.166,0.0865
921,Cristina,Sebastian Yatra,-4.368,0.0437
922,"Merry Christmas, Happy Holidays",*NSYNC,-3.984,0.0481
923,ON OFF (feat. Maître Gims),Shirin David,-10.247,0.365
924,Circles,Post Malone,-3.407,0.0376
925,Royal Rumble,Kalazh44,-3.161,0.274
926,"Down Bad (feat. JID, Bas, J. Cole, EARTHGANG & Young Nudy)",Dreamville,-5.368,0.359
927,Girls Need Love (with Drake) - Remix,Summer Walker,-9.481,0.217
928,Aute Cuture,ROSALÍA,-6.991,0.178
929,Fine Line,Harry Styles,-8.5,0.0334
930,Santa Baby (with Henri René & His Orchestra),Eartha Kitt,-12.347,0.0612
931,Bad Luck,Khalid,-5.515,0.0548
932,Der Bratan bleibt der gleiche,Capital Bra,-4.147,0.372
933,Reply (feat. Lil Uzi Vert),A Boogie Wit da Hoodie,-6.553,0.0808
934,Summer Cem (feat. Luciano),Summer Cem,-6.871,0.079
935,Notificação Preferida - Ao Vivo,Zé Neto & Cristiano,-4.734,0.13
936,Solo Pienso En Ti (feat. De La Ghetto & Justin Quiles),Paulo Londra,-4.727,0.0718
937,"Tough Love (feat. Agnes, Vargas & Lagola)",Avicii,-4.837,0.0432
938,Treat People With Kindness,Harry Styles,-3.725,0.0382
939,Look At Me!,XXXTENTACION,-6.405,0.282
940,KEIN SCHLAF,Nimo,-5.608,0.173
941,Old Town Road,Lil Nas X,-6.114,0.131
942,CHopstix (feat. Travis Scott),ScHoolboy Q,-7.092,0.111
943,Hear Me Calling,Juice WRLD,-3.546,0.186
944,White Christmas (with Shania Twain),Michael Bublé,-7.588,0.0319
945,Créeme,KAROL G,-3.576,0.0548
946,Harami,Samra,-4.839,0.344
947,GIANTS,True Damage,-5.386,0.262
948,Kein Plan,Loredana,-5.035,0.0464
949,Kein Plan,Loredana,-5.035,0.0464
950,Be Like Me (feat. Lil Wayne),Lil Pump,-8.08,0.173
951,RAW SHIT (feat. Migos),DaBaby,-4.946,0.233
952,Kills You Slowly,The Chainsmokers,-8.736,0.0554
953,Rewrite The Stars,Zac Efron,-7.005,0.0386
954,INTRO,DaBaby,-7.699,0.242
955,I'll Be Home for Christmas,Michael Bublé,-14.657,0.0315
956,bad vibes forever,XXXTENTACION,-5.153,0.0717
957,Hold Me While You Wait,Lewis Capaldi,-5.507,0.0333
958,Call Out My Name,The Weeknd,-4.929,0.036
959,"Rocket Man (I Think It''s Going To Be A Long, Long Time)",Elton John,-9.119,0.0286
960,blun7 a swishland,tha Supreme,-5.984,0.245
961,What Christmas Means To Me,Stevie Wonder,-10.135,0.0367
962,Right Back,Khalid,-9.918,0.308
963,Killer Queen - 2011 Mix,Queen,-6.326,0.0544
964,Maman ne le sait pas (feat. Niska),Ninho,-5.944,0.193
965,Trampoline,SHAED,-5.782,0.0334
966,Keine Liebe,RIN,-4.973,0.0416
967,"Baby, It''s Cold Outside",Dean Martin,-16.093,0.0571
968,GATTI,JACKBOYS,-5.808,0.344
969,Self,Khalid,-7.889,0.333
970,Price On My Head (feat. The Weeknd),NAV,-6.104,0.136
971,Can We Kiss Forever?,Kina,-18.725,0.0369
972,when the party's over - Recorded at Spotify Studios NYC,Lewis Capaldi,-10.27,0.0377
973,Rudolph The Red-Nosed Reindeer,Dean Martin,-16.768,0.0332
974,Alleen,KC Rebell,-6.229,0.275
975,BLOW (with Chris Stapleton & Bruno Mars),Ed Sheeran,-5.35,0.0401
976,Topanga,Trippie Redd,-8.245,0.0454
977,"Baby, It''s Cold Outside",Brett Eldredge,-4.776,0.0366
978,Shot,Ufo361,-6.637,0.0703
979,Formation,Beyoncé,-6.857,0.237
980,Mistletoe And Holly - Remastered 1999,Frank Sinatra,-14.405,0.0404
981,Canyon Moon,Harry Styles,-7.14,0.0267
982,Genick,Loredana,-6.996,0.082
983,Puerto Rico,Fero47,-6.739,0.105
984,Homicide (feat. Eminem),Logic,-5.667,0.398
985,I've Been Waiting (w/ ILoveMakonnen & Fall Out Boy),Lil Peep,-3.568,0.0381
986,COLT,Samra,-6.168,0.428
987,Doin' Time,Lana Del Rey,-5.837,0.0435
988,Cinnamon Girl,Lana Del Rey,-10.679,0.0378
989,Tijolão - Ao Vivo,Jorge & Mateus,-3.68,0.198
990,Confessions of a Dangerous Mind,Logic,-4.097,0.203
991,Before I Let Go - Homecoming Live Bonus Track,Beyoncé,-5.589,0.0968
992,Sorry,Beyoncé,-7.274,0.0535
993,YO LE LLEGO,J Balvin,-4.695,0.0641
994,Cambio,Ozuna,-6.839,0.139
995,Nummer 1,Capital Bra,-6.252,0.223
996,Hollywood's Bleeding,Post Malone,-3.221,0.0479
997,Hurts 2B Human (feat. Khalid),P!nk,-5.647,0.167
998,Hold Up,Beyoncé,-11.936,0.405
999,Demons and Angels (feat. Juice WRLD),A Boogie Wit da Hoodie,-7.46,0.17
1000,Tricheur,Nekfeu,-7.984,0.241
1001,Some que ele vem atrás,Anitta,-5.536,0.17
1002,Stay (Don't Go Away) [feat. Raye],David Guetta,-5.68,0.0624
1003,Truth Hurts,Lizzo,-3.046,0.114
1004,Truth Hurts,Lizzo,-3.046,0.114
1005,Free Spirit,Khalid,-9.477,0.0332
1006,Veleno 7,Gemitaiz,-6.237,0.0601
1007,Self,Khalid,-7.889,0.333
1008,DHL,Frank Ocean,-10.223,0.167
1009,"Down Bad (feat. JID, Bas, J. Cole, EARTHGANG & Young Nudy)",Dreamville,-5.247,0.369
1010,Wir sind Kral,Ufo361,-6.606,0.0974
1011,Joy To The World,Nat King Cole,-10.334,0.03
1012,Girls Have Fun (feat. G-Eazy & Rich The Kid),Tyga,-5.363,0.238
1013,Jingle Bells - Remastered 1999,Frank Sinatra,-13.119,0.0498
1014,WHEN I WAS OLDER - Music Inspired By The Film ROMA,Billie Eilish,-12.834,0.0425
1015,ARE WE STILL FRIENDS?,"Tyler, The Creator",-8.025,0.0371
1016,Higher (feat. Nipsey Hussle & John Legend),DJ Khaled,-1.996,0.245
1017,bad vibes forever,XXXTENTACION,-5.153,0.0717
1018,Power Over Me,Dermot Kennedy,-4.231,0.121
1019,I DON'T LOVE YOU ANYMORE,"Tyler, The Creator",-9.814,0.0932
1020,Push My Luck,The Chainsmokers,-6.415,0.0395
1021,It's Beginning To Look Like Christmas,Bing Crosby,-15.018,0.0496
1022,Caro,Bad Bunny,-7.739,0.299
1023,Jingle Bells (feat. The Puppini Sisters),Michael Bublé,-5.914,0.0563
1024,Feelings,Lauv,-6.758,0.0384
1025,Jopping,SuperM,-3.425,0.0839
1026,Hundred,Khalid,-10.06,0.0564
1027,When I Grow Up,NF,-3.985,0.185
1028,One Call,Gunna,-7.309,0.343
1029,Love Me More,Trippie Redd,-5.853,0.0504
1030,TOES (feat. Lil Baby & Moneybagg Yo),DaBaby,-4.141,0.341
1031,Broke Leg (with Quavo & Tyga),Tory Lanez,-3.4,0.0904
1032,Take What You Want (feat. Ozzy Osbourne & Travis Scott),Post Malone,-2.649,0.0571
1033,Tip Toe (feat. A Boogie Wit da Hoodie),Roddy Ricch,-8.513,0.141
1034,Mile High,James Blake,-9.854,0.12
1035,"Costa Rica (with Bas & JID feat. Guapdad 4000, Reese LAFLARE, Jace, Mez, Smokepurpp, Buddy & Ski Mask The Slump God)",Dreamville,-6.312,0.428
1036,NO HALO,BROCKHAMPTON,-7.034,0.0709
1037,"Down Like That (feat. Rick Ross, Lil Baby & S-X)",KSI,-4.956,0.286
1038,Bezerk (feat. A$AP Ferg),Big Sean,-4.673,0.2
1039,Mariners Apartment Complex,Lana Del Rey,-12.668,0.0289
1040,Por Eso Vine,Paulo Londra,-5.048,0.433
1041,MAMA,6ix9ine,-5.887,0.212
1042,Say So,Doja Cat,-4.577,0.158
1043,Feeling,Juice WRLD,-6.004,0.0857
1044,Cool,Jonas Brothers,-5.487,0.0423
1045,Tip Toe (feat. A Boogie Wit da Hoodie),Roddy Ricch,-8.513,0.141
1046,Thing For You (With Martin Solveig),David Guetta,-5.545,0.0496
1047,"Jealous (feat. Chris Brown, Lil Wayne & Big Sean)",DJ Khaled,-3.684,0.147
1048,Rule The World (feat. Ariana Grande),2 Chainz,-6.232,0.0893
1049,I Know,Post Malone,-5.671,0.0763
1050,Berlin lebt wie nie zuvor,Capital Bra,-2.88,0.244
1051,In My Room,Frank Ocean,-7.425,0.0675
1052,SENTADÃO,Pedro Sampaio,-1.94,0.0589
1053,Quem Me Dera,Márcia Fellipe,-3.611,0.0574
1054,my boy,Billie Eilish,-8.745,0.207
1055,Whip (feat. Travis Scott),2 Chainz,-7.428,0.0951
1056,Never Seen the Rain,Tones and I,-5.646,0.0444
1057,Intro,Khalid,-9.725,0.0339
1058,A Brand New Day (BTS World Original Soundtrack) [Pt. 2],BTS,-7.387,0.0571
1059,MAMACITA,Tyga,-4.961,0.127
1060,Cheirosa - Ao Vivo,Jorge & Mateus,-3.123,0.0851
1061,Hop Off A Jet (feat. Travis Scott),Young Thug,-8.951,0.242
1062,10 Freaky Girls (with 21 Savage),Metro Boomin,-9.931,0.31
1063,Marlboro Rot,Samra,-3.981,0.168
1064,Come Thru (with Usher),Summer Walker,-3.092,0.154
1065,This Christmas,Donny Hathaway,-9.2,0.0376
1066,Wow. - Remix,Post Malone,-6.272,0.194
1067,Ronin,Bushido,-5.535,0.318
1068,ODIO,J Balvin,-3.838,0.0388
1069,The Search,NF,-4.788,0.297
1070,I Wanna Rock (feat. Gunna),G-Eazy,-3.801,0.0844
1071,Chicken Noodle Soup (feat. Becky G),j-hope,-4.081,0.0921
1072,Sleigh Ride,Ella Fitzgerald,-12.472,0.0523
1073,All the Time,Zara Larsson,-2.868,0.0617
1074,Ocean (feat. Khalid),Martin Garrix,-7.265,0.0412
1075,Do You Hear What I Hear?,Bing Crosby,-10.892,0.0261
1076,Bad Girls (feat. Gucci Mane),Lil Skies,-4.727,0.047
1077,Hey Julie! (feat. Lil Yachty),KYLE,-5.829,0.293
1078,Paradise,Khalid,-9.558,0.15
1079,come out and play,Billie Eilish,-14.604,0.0931
1080,Milionària,ROSALÍA,-6.441,0.416
1081,HeMotions,Juice WRLD,-7.194,0.264
1082,COMO UN BEBÉ,J Balvin,-5.753,0.0949
1083,Mademoiselle,Sfera Ebbasta,-5.656,0.0346
1084,Oye,TINI,-7.894,0.0646
1085,Que Mas Pues - Remix,Sech,-5.027,0.195
1086,"Enzo (with Sheck Wes, feat. Offset, 21 Savage & Gucci Mane)",DJ Snake,-4.049,0.0417
1087,Do You Remember,Chance the Rapper,-6.328,0.402
1088,Atrévete,Nicky Jam,-3.824,0.297
1089,Parado no Bailão,MC L da Vinte,-1.624,0.149
1090,Love song,Lana Del Rey,-16.529,0.0392
1091,Heart Upon My Sleeve (feat. Imagine Dragons),Avicii,-5.983,0.0332
1092,Flaws And Sins,Juice WRLD,-4.55,0.0766
1093,Twenty One,Khalid,-8.574,0.0371
1094,Outnumbered,Dermot Kennedy,-5.79,0.157
1095,RNP (feat. Anderson .Paak),YBN Cordae,-4.696,0.856
1096,Out The Mud,Lil Baby,-5.785,0.149
1097,All I Want (For Christmas),Liam Payne,-10.079,0.0355
1098,Last Christmas,Ariana Grande,-2.763,0.0391
1099,JACKBOYS,JACKBOYS,-25.166,0.0336
1100,Cozy Little Christmas,Katy Perry,-6.264,0.128
1101,Perreo en La Luna,Rich Music LTD,-4.188,0.29
1102,Venice Bitch,Lana Del Rey,-12.986,0.0304
1103,Unholy,Miley Cyrus,-4.679,0.0363
1104,Adriana,RAF Camora,-5.777,0.0537
1105,Shake Up Christmas,Train,-2.187,0.0654
1106,Icy (feat. Gucci Mane),Logic,-4.866,0.0845
1107,"SPIRIT - From Disney''s '"The Lion King'"",Beyoncé,-8.096,0.0497
1108,GRoCERIES,Chance the Rapper,-5.88,0.243
1109,Speed It Up,Gunna,-7.395,0.0582
1110,Next,Ufo361,-4.805,0.182
1111,CROWN,TOMORROW X TOGETHER,-5.819,0.0425
1112,Hasta Que Salga el Sol,Ozuna,-4.608,0.0683
1113,Bounce Back,Little Mix,-4.115,0.074
1114,Starboy,The Weeknd,-7.015,0.276
1115,Leave Me Alone,NF,-3.72,0.19
1116,CUIDAO POR AHÍ,J Balvin,-2.979,0.077
1117,Goutte d'eau,Ninho,-6.163,0.163
1118,"Alone, Pt. II",Alan Walker,-4.306,0.0422
1119,Vamos pra Gaiola,MC Kevin o Chris,-5.576,0.281
1120,Gib Ihm,Shirin David,-10.641,0.32
1121,fuck 3x,tha Supreme,-5.472,0.0823
1122,Deux frères,PNL,-7.063,0.0498
1123,Goteo,Duki,-3.725,0.0414
1124,Under Enemy Arms,Trippie Redd,-5.266,0.0357
1125,Outstanding,Gunna,-4.554,0.241
1126,Te Robaré,Nicky Jam,-3.572,0.0561
1127,All Day Long,Chance the Rapper,-3.527,0.191
1128,What A Time (feat. Niall Horan),Julia Michaels,-6.184,0.0302
1129,Derdim Olsun,Reynmen,-7.541,0.0577
1130,TIC TOC,6ix9ine,-6.646,0.0723
1131,All Day And Night,Jax Jones,-4.107,0.108
1132,Gan-Ga - Remix,Bryant Myers,-6.537,0.415
1133,How Did I Get Here (feat. J. Cole),Offset,-7.92,0.233
1134,Hold The Line (feat. A R I Z O N A),Avicii,-7.005,0.0341
1135,Love Thru The Computer (feat. Justin Bieber),Gucci Mane,-4.427,0.0717
1136,6 Inch (feat. The Weeknd),Beyoncé,-8.832,0.0632
1137,Bad Reputation (feat. Joe Janiak),Avicii,-5.959,0.0512
1138,Little Saint Nick - 1991 Remix,The Beach Boys,-9.336,0.0328
1139,DEUTSCHLAND,Rammstein,-5.242,0.0442
1140,The Git Up,Blanco Brown,-8.635,0.109
1141,September,"Earth, Wind & Fire",-3.691,0.0305
1142,Snake Skin,Trippie Redd,-8.835,0.0498
1143,you should see me in a crown,Billie Eilish,-10.271,0.196
1144,COMMANDO (feat. G-Eazy),Logic,-6.473,0.313
1145,Lençol Dobrado,João Gustavo e Murilo,-5.042,0.0382
1146,Start Wit Me (feat. Gunna),Roddy Ricch,-8.054,0.334
1147,All I Want for Christmas Is You,Michael Bublé,-8.077,0.0274
1148,Fuck it I love you,Lana Del Rey,-10.653,0.0365
1149,weR mAChT PaRA 2,Dardan,-4.761,0.126
1150,Happy Xmas (War Is Over),Céline Dion,-5.254,0.0302
1151,Jay Jay,MERO,-8.287,0.269
1152,Mood Swings,A Boogie Wit da Hoodie,-5.952,0.106
1153,Mary's Boy Child / Oh My Lord,Boney M.,-8.722,0.0361
1154,Almost (Sweet Music),Hozier,-5.601,0.105
1155,I'll Never Love Again - Film Version - Radio Edit,Lady Gaga,-7.464,0.0298
1156,Internet,Post Malone,-6.071,0.0314
1157,No Brainer,DJ Khaled,-4.706,0.342
1158,STARGAZING,Travis Scott,-3.69,0.044
1159,Fall Threw (feat. Young Thug & Gunna),Rich The Kid,-6.781,0.482
1160,Surf (feat. Gunna),Young Thug,-8.053,0.25
1161,Vintage,RIN,-4.934,0.275
1162,Neptun,KC Rebell,-7.154,0.0907
1163,What's the Move (feat. Lil Uzi Vert),Young Thug,-7.877,0.31
1164,UP IN SMOKE,RIN,-5.655,0.153
1165,Don't Hurt Yourself (feat. Jack White),Beyoncé,-6.483,0.21
1166,Sunset (with J. Cole feat. Young Nudy),Dreamville,-7.049,0.185
1167,How Bout Now,Drake,-8.364,0.23
1168,Quiere Beber,Anuel AA,-3.482,0.113
1169,Almost (Sweet Music),Hozier,-5.601,0.105
1170,Numb Numb Juice,ScHoolboy Q,-6.015,0.367
1171,Winter Wonderland,Bing Crosby,-12.335,0.0454
1172,I Guess I Just Feel Like,John Mayer,-8.033,0.0266
1173,Sad Song (feat. TINI),Alesso,-6.474,0.0361
1174,Make It To Christmas,Alessia Cara,-7.87,0.0383
1175,Black & White,Juice WRLD,-4.612,0.247
1176,Harder (with Bebe Rexha),Jax Jones,-3.027,0.0729
1177,Loco Contigo,DJ Snake,-3.896,0.0688
1178,Before You Go,Lewis Capaldi,-4.858,0.0573
1179,The Motion,Drake,-8.219,0.0869
1180,Bang Bang,YNW Melly,-7.632,0.397
1181,Trust Issues,Drake,-5.456,0.274
1182,Merry Xmas Everybody,Slade,-9.436,0.0499
1183,Love Me More,Trippie Redd,-5.853,0.0504
1184,In The Dark,YG,-8.067,0.16
1185,Almeda,Solange,-5.296,0.032
1186,Keanu Reeves,Logic,-6.457,0.24
1187,Cold December Night,Michael Bublé,-6.763,0.0247
1188,Fear Inoculum,TOOL,-10.122,0.0416
1189,Wasted (feat. Lil Uzi Vert),Juice WRLD,-5.024,0.202
1190,Goddamn (feat. A Boogie wit da Hoodie),Tyga,-6.002,0.227
1191,Gold Roses (feat. Drake),Rick Ross,-5.8,0.419
1192,Have Yourself a Merry Little Christmas,Christina Aguilera,-10.433,0.04
1193,One Last Time,Ariana Grande,-4.98,0.032
1194,Maniac,Conan Gray,-5.438,0.04
1195,O Holy Night,Mariah Carey,-7.208,0.0287
1196,Have Yourself A Merry Little Christmas,Judy Garland,-14.82,0.0393
1197,Here Comes Santa Claus (Right Down Santa Claus Lane),Gene Autry,-11.99,0.0358
1198,Jumpin on a Jet,Future,-6.346,0.091
1199,Frosty The Snowman,Ella Fitzgerald,-7.57,0.0513
1200,D.R.E.A.M. (feat. Ghostface Killah),Miley Cyrus,-5.127,0.259
1201,Mele Kalikimaka (Merry Christmas),Bing Crosby,-12.431,0.0935
1202,Can't Hold Us - feat. Ray Dalton,Macklemore & Ryan Lewis,-4.457,0.0786
1203,I Believe,Jonas Brothers,-6.221,0.12
1204,Bebi Liguei - Ao Vivo,Marília Mendonça,-4.253,0.198
1205,Here Comes Santa Claus (Right Down Santa Claus Lane),Elvis Presley,-16.982,0.0426
1206,Peace Of Mind (feat. Vargas & Lagola),Avicii,-8.034,0.0298
1207,Christmas (Baby Please Come Home),Michael Bublé,-5.696,0.03
1208,Te Soñé de Nuevo,Ozuna,-3.457,0.0847
1209,Government Official,Future,-5.125,0.157
1210,SUGA's Interlude,Halsey,-6.88,0.105
1211,Baby It's Cold Outside (duet with Michael Bublé),Idina Menzel,-8.869,0.0649
1212,It Might Be Time,Tame Impala,-3.825,0.0459
1213,"Royalty (feat. Ky-Mani Marley, Stefflon Don & Vybz Kartel)",XXXTENTACION,-6.15,0.241
1214,Sorry - Original Demo,Beyoncé,-12.573,0.125
1215,"SPIRIT - From Disney''s '"The Lion King'"",Beyoncé,-8.102,0.039
1216,Unsainted,Slipknot,-2.885,0.0565
1217,Dreams Money Can Buy,Drake,-6.635,0.529
1218,Have Yourself a Merry Little Christmas,Michael Bublé,-11.395,0.0321
1219,The greatest,Lana Del Rey,-12.379,0.0406
1220,Bluffin',Khalid,-10.323,0.0461
1221,Doch in der Nacht,Apache 207,-6.906,0.074
1222,Thriller,Michael Jackson,-4.913,0.0747
1223,"White Christmas - Spotify Singles - Holiday, Recorded at Air Studios, London",George Ezra,-12.788,0.0289
1224,Raffaello,Shindy,-9.198,0.105
1225,Letzte Träne,Kontra K,-5.087,0.244
1226,This Is Me,Keala Settle,-7.276,0.186
1227,Ring Ring (with Rvssian feat. Clever),Juice WRLD,-4.421,0.0549
1228,Lick,Offset,-6.611,0.0958
1229,La vie qu'on mène,Ninho,-4.4,0.0367
1230,Press,Cardi B,-5.665,0.305
1231,Dedication (feat. Kendrick Lamar),Nipsey Hussle,-5.448,0.438
1232,Silver Bells,Dean Martin,-13.967,0.0306
1233,La ragazza con il cuore di latta,Irama,-7.093,0.182
1234,Autre monde,PNL,-7.867,0.0893
1235,Patience,Tame Impala,-5.966,0.0306
1236,Mac 10,Trippie Redd,-7.32,0.17
1237,This Christmas,Christina Aguilera,-5.466,0.0603
1238,Capital Bra je m'appelle,Capital Bra,-4.653,0.166
1239,No Me Conoce - Remix,Jhay Cortez,-3.855,0.0599
1240,Man With The Bag,Jessie J,-3.178,0.0739
1241,Nobody,Martin Jensen,-5.295,0.0623
1242,"Writing on the Wall (feat. Post Malone, Cardi B & Rvssian)",French Montana,-2.323,0.152
1243,Beer Never Broke My Heart,Luke Combs,-4.483,0.0481
1244,Glittery - From The Kacey Musgraves Christmas Show,Kacey Musgraves,-9.616,0.0307
1245,OFF THE RIP,DaBaby,-4.002,0.323
1246,ROMEO & JULIET,Loredana,-3.863,0.24
1247,Kick It,BLACKPINK,-3.647,0.0445
1248,Orphans,Coldplay,-5.051,0.045
1249,Handsome,Chance the Rapper,-6.192,0.333
1250,Pneuma,TOOL,-9.338,0.0315
1251,Chang,PNL,-9.482,0.0874
1252,Into You,Ariana Grande,-5.95,0.107
1253,Santa Baby,Michael Bublé,-12.996,0.0399
1254,Homerun (Intro),Paulo Londra,-9.37,0.0593
1255,Show & Tell,Melanie Martinez,-5.644,0.275
1256,The Christmas Song (Chestnuts Roasting On An Open Fire),Justin Bieber,-9.542,0.0411
1257,!,Trippie Redd,-6.311,0.0841
1258,MOWGLI II,PNL,-10.104,0.444
1259,La Playa,Myke Towers,-2.754,0.15
1260,That's Life (feat. Mac Miller & Sia),88-Keys,-4.532,0.241
1261,"GOSPEL (feat. Chance The Rapper, Gucci Mane & YK Osiris)",DaBaby,-4.435,0.343
1262,Who Do You Love,The Chainsmokers,-6.19,0.0401
1263,Soldi in Nero - feat. Sfera Ebbasta,Shiva,-4.832,0.285
1264,"Mary, Did You Know?",Pentatonix,-9.088,0.0269
1265,Rockin' Around The Christmas Tree,Mel & Kim,-10.795,0.108
1266,All Night (BTS World Original Soundtrack) [Pt. 3],BTS,-4.766,0.121
1267,Blanka,PNL,-5.98,0.047
1268,Silent Night,Mariah Carey,-11.673,0.0347
1269,Please Come Home for Christmas - Eagles 2013 Remaster,Eagles,-11.568,0.0421
1270,Highway to Hell,AC/DC,-4.793,0.132
1271,CIVIL WAR,Russ,-6.764,0.259
1272,POP STAR (feat. Kevin Gates),DaBaby,-4.632,0.331
1273,Silent Night,Michael Bublé,-14.542,0.0308
1274,ZEIG DICH,Rammstein,-4.283,0.0417
1275,BEST ON EARTH (feat. BIA),Russ,-3.465,0.255
1276,Oh Holy Night,Nina Nesbitt,-10.191,0.0337
1277,Winter Wonderland,Hannah Kerr,-7.97,0.0347
1278,Só Pra Castigar,Wesley Safadão,-1.77,0.0386
1279,MIDDLE CHILD,PnB Rock,-6.4,0.48
1280,Hasta la vista,PNL,-6.382,0.117
1281,Ex Bitch,XXXTENTACION,-6.227,0.155
1282,There's Nothing Holdin' Me Back,Shawn Mendes,-4.063,0.0554
1283,Big,Juice WRLD,-6.197,0.114
1284,hope is a dangerous thing for a woman like me to have - but I have it,Lana Del Rey,-10.125,0.0708
1285,Never Stop,Future,-5.857,0.223
1286,Gib Gas,Ufo361,-4.529,0.0958
1287,iPHONE (with Nicki Minaj),DaBaby,-6.409,0.266
1288,Invincible,TOOL,-9.133,0.0566
1289,Fear Inoculum,TOOL,-10.091,0.0415
1290,Dumb Blonde (feat. Nicki Minaj),Avril Lavigne,-4.682,0.0803
1291,AUSLÄNDER,Rammstein,-4.159,0.0912
1292,Daddy (feat. Rich The Kid),Blueface,-8.214,0.257
1293,REALLY (feat. Stunna 4 Vegas),DaBaby,-5.175,0.274
1294,Jumpin on a Jet,Future,-6.33,0.0902
1295,Rodeo,Lil Nas X,-5.606,0.0318
1296,Freak (feat. Bonn),Avicii,-6.245,0.171
1297,Party In The U.S.A.,Miley Cyrus,-4.667,0.042
1298,California,Lana Del Rey,-8.096,0.0327
1299,XXL,DaBaby,-5.333,0.294
1300,EFH,Shindy,-7.14,0.0677
1301,How to disappear,Lana Del Rey,-11.802,0.047
1302,4pm in Calabasas,Drake,-4.802,0.418
1303,Fabergé,RIN,-7.039,0.189
1304,Peta (feat. Meek Mill),Roddy Ricch,-7.339,0.251
1305,Who Shot Cupid?,Juice WRLD,-2.809,0.0372
1306,Days in The East,Drake,-11.129,0.135
1307,Wild Wild West (feat. Gunna),Offset,-5.315,0.199
1308,5 Am in Toronto,Drake,-4.325,0.265
1309,Stamm Fort (feat. Sfera Ebbasta),Luche,-5.094,0.123
1310,Hallo Hallo,Azet,-6.674,0.283
1311,Christmas Time,Bryan Adams,-4.324,0.0252
1312,Confessions of a Dangerous Mind,Logic,-4.093,0.208
1313,Eternal,Chance the Rapper,-6.229,0.148
1314,Wonderful Dream (Holidays Are Coming) - Radio Version,Melanie Thornton,-5.478,0.033
1315,Feel It Still,Portugal. The Man,-5.115,0.0504
1316,Daddy Lessons,Beyoncé,-8.37,0.216
1317,Higher (feat. Nipsey Hussle & John Legend),DJ Khaled,-1.996,0.245
1318,Sandcastles,Beyoncé,-10.171,0.0348
1319,Goutte d'eau,Ninho,-6.441,0.127
1320,Momma I Hit A Lick (feat. Kendrick Lamar),2 Chainz,-6.293,0.34
1321,Susamam,Şanışer,-7.962,0.152
1322,She Got Me,Luca Hänni,-5.893,0.05
1323,Last Time That I Checc'd (feat. YG),Nipsey Hussle,-4.224,0.253
1324,God Is A Dancer (with Mabel),Tiësto,-3.908,0.082
1325,Promise U That,Future,-6.579,0.159
1326,Two of Us,Louis Tomlinson,-5.411,0.0321
1327,One Dance,Drake,-5.609,0.0536
1328,Malediven,MERO,-6.446,0.176
1329,Wells Fargo (with JID & EARTHGANG feat. Buddy & Guapdad 4000) - Interlude,Dreamville,-3.198,0.107
1330,Celebrate (feat. Travis Scott & Post Malone),DJ Khaled,-3.07,0.0835
1331,Kafa Leyla,BRADO,-4.823,0.317
1332,Hey Ya!,OutKast,-2.261,0.0665
1333,Jenny of Oldstones (Game of Thrones),Florence + The Machine,-10.653,0.0797
1334,Ghostbusters,"Ray Parker, Jr.",-9.7,0.0335
1335,"No Brainer (feat. Justin Bieber, Chance the Rapper & Quavo)",DJ Khaled,-4.708,0.341
1336,Call Out My Name,The Weeknd,-4.954,0.0356
1337,Spirit in the Sky,Keiino,-6.469,0.0585
1338,When I Grow Up,NF,-3.985,0.185
1339,Side To Side,Ariana Grande,-5.84,0.229
1340,Skifahren (feat. Joshi Mizu),The Cratez,-6.891,0.252
1341,She Will Be Loved - Radio Mix,Maroon 5,-5.569,0.0281
1342,Blank Space,Taylor Swift,-5.412,0.054
1343,Yallah Goodbye (feat. Gringo),Summer Cem,-6.172,0.175
1344,Monster Mash,"Bobby '"Boris'" Pickett",-14.191,0.457
1345,Puta Madre,RAF Camora,-6.218,0.0346
1346,Jet Lag,A$AP Ferg,-3.297,0.292
1347,Ni Gucci Ni Prada,Kenny Man,-5.644,0.169
1348,Si Estuviésemos Juntos,Bad Bunny,-6.813,0.0789
1349,Too Late For Love,John Lundvik,-4.155,0.0734
1350,Evoluiu,MC Kevin o Chris,-6.368,0.434
1351,Hoje Eu Vou Parar Na Gaiola,Mc Livinho,-7.153,0.404
1352,Jenifer,Gabriel Diniz,-2.533,0.0453
1353,Punto G,KAROL G,-4.738,0.0865
1354,Starving,Hailee Steinfeld,-4.225,0.102
1355,"Don''t Give Up On Me - (From '"Five Feet Apart'")",Andy Grammer,-5.452,0.0282
1356,O Tannenbaum,Vince Guaraldi Trio,-15.938,0.0404
1357,Celsius,PNL,-7.298,0.0426
1358,Pray You Catch Me,Beyoncé,-13.676,0.038
1359,Rockin' Around the Christmas Tree,Brenda Lee,-8.915,0.0386
1360,Born To Be Yours,Kygo,-5.808,0.0371
1361,In My Head,Peter Manos,-15.359,0.0429
1362,Daddy Lessons,Beyoncé,-8.334,0.205
1363,Champion Of The World,Coldplay,-7.094,0.0263
1364,Santa Claus Is Comin' to Town,Frank Sinatra,-11.957,0.0566
1365,Christmas Time Is Here - Vocal,Vince Guaraldi Trio,-19.697,0.0318
1366,Sleigh Ride,Carpenters,-15.662,0.192
1367,Demonz (feat. Brent Faiyaz) - Interlude,Juice WRLD,-11.389,0.0601
1368,Don't Know What To Do,BLACKPINK,-4.164,0.049
1369,Freedom (feat. Kendrick Lamar),Beyoncé,-6.421,0.294
1370,Cœurs,PNL,-9.629,0.0413
1371,All Night,Beyoncé,-7.073,0.0865
1372,They Afraid Of You,Trippie Redd,-6.493,0.0459
1373,Rudolph The Red-Nosed Reindeer,Burl Ives,-12.755,0.0385
1374,Love Sick,Trippie Redd,-6.72,0.104
1375,Shenmue,PNL,-5.357,0.0665
1376,Club Paradise,Drake,-6.419,0.102
1377,The First Noel - Remastered 1999,Frank Sinatra,-15.969,0.0365
1378,Leray,Trippie Redd,-12.233,0.087
1379,"Baby, It''s Cold Outside (feat. Kelly Clarkson)",John Legend,-6.313,0.0728
1380,White Christmas,Michael Bublé,-5.804,0.0513
1381,Ain't A Thing (feat. Bonn),Avicii,-7.286,0.0552
1382,"Fuego (with Sean Paul & Anitta, feat. Tainy)",DJ Snake,-6.264,0.224
1383,PUPPE,Rammstein,-7.341,0.0574
1384,Affalterbach,Shindy,-4.663,0.327
1385,Used To Be,Jonas Brothers,-6.85,0.0448
1386,Mama/Show Love (feat. YBN Cordae),Logic,-4.322,0.124
1387,PROLLY HEARD,DaBaby,-2.388,0.294
1388,Audacity (feat. Headie One),Stormzy,-4.601,0.444
1389,Cattitude (feat. RuPaul),Miley Cyrus,-5.698,0.175
1390,Finally // beautiful stranger,Halsey,-5.105,0.029
1391,Love Drought,Beyoncé,-10.62,0.0439
1392,F9mily (You & Me),Lil Nas X,-7.75,0.0332
1393,Menace,PNL,-6.912,0.0596
1394,Zoulou tchaing,PNL,-8.757,0.0802
1395,HERE (For Christmas),Lukas Graham,-5.296,0.059
1396,Tough Love,Avicii,-4.837,0.0432
1397,original me (feat. dan reynolds of imagine dragons),YUNGBLUD,-5.24,0.192
1398,Living Proof,Camila Cabello,-5.464,0.082
1399,Cheum,Nekfeu,-4.884,0.319
1400,2000 Miles - 2007 Remaster,Pretenders,-9.051,0.035
1401,Draft Day,Drake,-3.793,0.36
1402,SEX,Rammstein,-3.97,0.0604
1403,Stay With Me,Sam Smith,-6.444,0.0414
1404,7empest,TOOL,-7.397,0.0369
1405,Beauty In The Benz (feat. Snoop Dogg),Tory Lanez,-9.191,0.369
1406,"Taki Taki (with Selena Gomez, Ozuna & Cardi B)",DJ Snake,-4.284,0.204
1407,Kuta ubud,PNL,-8.037,0.172
1408,Medellín (with Maluma),Madonna,-7.093,0.288
1409,Merry Christmas Darling - Remix,Carpenters,-15.315,0.0303
1410,I Wish It Could Be Christmas Everyday,Wizzard,-6.43,0.0515
1411,Poquito,Anitta,-4.03,0.126
1412,Future Nostalgia,Dua Lipa,-4.502,0.0578
1413,Les étoiles vagabondes,Nekfeu,-6.373,0.421
1414,The Little Drummer Boy,Bing Crosby,-15.647,0.0339
1415,One,Lewis Capaldi,-7.085,0.0409
1416,Uptown Funk,Mark Ronson,-7.223,0.0824
1417,Carry Me Away,John Mayer,-7.746,0.0289
1418,Every Single Time,Jonas Brothers,-5.176,0.0446
1419,Just How It Is,Young Thug,-10.617,0.411
1420,All Night,Beyoncé,-7.079,0.085
1421,Tiffany,Shindy,-7.343,0.052
1422,Syphilis,Juice WRLD,-3.103,0.248
1423,Gang Gang,ScHoolboy Q,-5.721,0.109
1424,Rocket Ship,Future,-4.941,0.261
1425,THERE HE GO,DaBaby,-3.368,0.136
1426,Teeth,5 Seconds of Summer,-2.993,0.0405
1427,Fliegst Du mit,Shirin David,-7.95,0.229
1428,LamboTruck (with Cozz feat. REASON & Childish Major),Dreamville,-5.323,0.286
1429,Party Up The Street,Miley Cyrus,-7.325,0.0709
1430,Disturbia,Rihanna,-4.517,0.0574
1431,ON GOD (feat. Young Thug),Juice WRLD,-6.23,0.0601
1432,Temptation,Future,-6.744,0.184
1433,Jodeci Freestyle (feat. J. Cole),Drake,-2.834,0.268
1434,Love Her,Jonas Brothers,-6.039,0.0282
1435,Hash Hash,SSIO,-4.569,0.289
1436,Flames (with ZAYN),R3HAB,-8.034,0.081
1437,Freedom (feat. Kendrick Lamar),Beyoncé,-6.412,0.305
1438,Kick It,BLACKPINK,-3.647,0.0445
1439,Sup Mate (feat. Future),Young Thug,-7.951,0.271
1440,Alive,Khalid,-10.419,0.0425
1441,LOVE AGAIN,Daniel Caesar,-6.411,0.0918
1442,Christmas Time Is Here,Brett Eldredge,-11.994,0.0317
1443,Wrapped in Red,Kelly Clarkson,-4.668,0.0366
1444,Purple Emoji (feat. J. Cole),Ty Dolla $ign,-4.61,0.279
1445,Rollercoaster,Jonas Brothers,-7.986,0.0451
1446,This Ain't That,Trippie Redd,-4.755,0.0589
1447,Hate Me,Trippie Redd,-7.184,0.0664
1448,Billie Jean,Michael Jackson,-3.051,0.0401
1449,91's,PNL,-7.834,0.0827
1450,Mis Deseos / Feliz Navidad (with Thalia),Michael Bublé,-6.52,0.0379
1451,Critical Darling,Slipknot,-3.674,0.0913
1452,Unsainted,Slipknot,-2.188,0.0469
1453,Somebody's Watching Me - Single Version,Rockwell,-4.128,0.0324
1454,RADIO,Rammstein,-5.145,0.0409
1455,Mit Dir,Loredana,-5.863,0.335
1456,Don't Throw it Away,Jonas Brothers,-5.082,0.0981
1457,Fuori E Dentro (feat. tha Supreme),Gemitaiz,-7.201,0.119
1458,medicine,Bring Me The Horizon,-3.3,0.0396
1459,Peer Pressure (feat. Julia Michaels),James Bay,-6.083,0.0277
1460,"Heaven Can Wait (feat. Sia, Diplo, and Labrinth)",Sia,-5.915,0.0817
1461,Litanie contre la Peur,TOOL,-22.812,0.0479
1462,CrasH,ScHoolboy Q,-6.001,0.175
1463,Real Feel,Trippie Redd,-5.221,0.0767
1464,Descending,TOOL,-9.571,0.0493
1465,clickbait,Logic,-5.625,0.0925
1466,Nummer,Ufo361,-6.855,0.134
1467,sw1n6o - feat. Salmo,tha Supreme,-5.554,0.0857
1468,Vendetta,RAF Camora,-5.994,0.0369
1469,BOY BYE,BROCKHAMPTON,-7.143,0.151
1470,F&N,Future,-4.766,0.191
1471,Make You Feel My Love,Adele,-10.636,0.0291
1472,The Most,Miley Cyrus,-6.886,0.0327
1473,Joy,Bastille,-4.811,0.132
1474,Déconnecté,PNL,-8.409,0.16
1475,Spicy - with Diplo & Charli XCX,Herve Pagez,-4.458,0.052
1476,Gassed Up!,XXXTENTACION,-6.122,0.284
1477,Fades Away (feat. Noonie Bao),Avicii,-8.319,0.0585
1478,why are you here,Machine Gun Kelly,-3.995,0.0434
1479,One Touch,Jess Glynne,-6.245,0.131
1480,Pray You Catch Me,Beyoncé,-13.676,0.037
1481,Weather the Storm (feat. Meek Mill & Lil Baby),DJ Khaled,-2.655,0.283
1482,Sims,Lauv,-8.238,0.388
1483,Alunissons,Nekfeu,-11.555,0.041
1484,Hair Down (feat. Kendrick Lamar),SiR,-10.833,0.132
1485,Halo,Beyoncé,-5.907,0.1
1486,Bring Me Love,John Legend,-6.257,0.416
1487,September,"Earth, Wind & Fire",-4.819,0.0312
1488,Heaven,Khalid,-8.881,0.0374
1489,XanaX Damage,Future,-8.975,0.143
1490,Harmony Hall,Vampire Weekend,-6.086,0.0479
1491,Desire,Juice WRLD,-4.713,0.0481
1492,Sans peine,Ninho,-5.941,0.278
1493,Love You For A Long Time,Maggie Rogers,-6.137,0.0323
1494,Somebody To Love,OneRepublic,-8.084,0.0437
1495,Home (feat. Bonn),Martin Garrix,-4.855,0.0307
1496,Still Ballin (feat. Wiz Khalifa),Logic,-5.27,0.104
1497,All I Want For Christmas (Is My Two Front Teeth) - Remastered,Nat King Cole Trio,-16.759,0.071
1498,Stop The Cavalry,Jona Lewie,-9.471,0.0398
1499,APPARTENGO - Il sangue (feat. Massimo Pericolo),Marracash,-5.892,0.0911
1500,come fa1,tha Supreme,-7.194,0.0465
1501,La misère est si belle,PNL,-6.764,0.0477
1502,A Holly Jolly Christmas,Brett Eldredge,-8.623,0.0423
1503,Wie Buffon,MERO,-9.751,0.193
1504,Wannabe,Logic,-7.551,0.0946
1505,La vivance (feat. Koba LaD),Ninho,-3.929,0.0776
1506,I Get Lonely,Drake,-9.178,0.0398
1507,Every Breath You Take - Remastered 2003,The Police,-9.796,0.0348
1508,Paris c'est magique,Ninho,-5.721,0.277
1509,Dangerous (feat. Kid Cudi),ScHoolboy Q,-9.455,0.102
1510,Nero Forte,Slipknot,-2.358,0.0846
1511,Never Leave Me (feat. Joe Janiak),Avicii,-5.581,0.0939
1512,Be Yourself,Trippie Redd,-6.77,0.212
1513,I Found You / Nilda’s Story (with Calvin Harris & Miguel),benny blanco,-9.849,0.0527
1514,5200,ScHoolboy Q,-5.185,0.413
1515,Excuse Me Mr Sir (feat. Vargas & Lagola),Avicii,-6.064,0.0727
1516,Grinding All My Life,Nipsey Hussle,-5.554,0.384
1517,Frail State Of Mind,The 1975,-6.498,0.0383
1518,We Go High,Chance the Rapper,-5.698,0.363
1519,Shameless,Camila Cabello,-5.437,0.0588
1520,Stay Flo,Solange,-7.119,0.0278
1521,Hesitate,Jonas Brothers,-7.259,0.0322
1522,Tap (feat. Meek Mill),NAV,-7.033,0.251
1523,Gigolò (feat. Sfera Ebbasta & Capo Plaza),Lazza,-8.771,0.142
1524,Takotsubo,Nekfeu,-9.401,0.513
1525,WAS ICH LIEBE,Rammstein,-4.953,0.044
1526,Single Again,Big Sean,-5.548,0.0909
1527,Can't Take It From Me (feat. Skip Marley),Major Lazer,-6.292,0.0975
1528,Dans l'univers,Nekfeu,-9.949,0.161
1529,SUGAR,BROCKHAMPTON,-8.212,0.0638
1530,The Next Best American Record,Lana Del Rey,-9.77,0.0353
1531,QUALCOSA IN CUI CREDERE - Lo scheletro (feat. Guè Pequeno),Marracash,-4.313,0.22
1532,On Time,Ufo361,-7.995,0.27
1533,Elle pleut,Nekfeu,-11.064,0.441
1534,Pumped Up Kicks,Foster The People,-5.849,0.0292
1535,Proud,Marshmello,-4.999,0.0364
1536,Don't Check On Me (feat. Justin Bieber & Ink),Chris Brown,-5.242,0.0333
1537,The Take (feat. Chris Brown),Tory Lanez,-8.137,0.339
1538,Lo/Hi,The Black Keys,-7.445,0.0321
1539,Father Of 4 (feat. Big Rube),Offset,-7.739,0.163
1540,A Thousand Years,Christina Perri,-7.445,0.0267
1541,Girls Love Beyoncé (feat. James Fauntleroy),Drake,-11.25,0.46
1542,Jerry Sprunger (with T-Pain),Tory Lanez,-5.334,0.297
1543,Kick It,Lil Nas X,-9.646,0.226
1544,Tales,ScHoolboy Q,-4.454,0.245
1545,Everyday Life,Coldplay,-8.991,0.0291
1546,The Search,NF,-4.813,0.298
1547,Flux,Ellie Goulding,-5.903,0.0273
1548,Irina Shayk,Ufo361,-9.504,0.0696
1549,QUELLI CHE NON PENSANO - Il cervello (feat. Coez),Marracash,-4.832,0.294
1550,Wit It,Gunna,-5.318,0.0745
1551,Happiness is a butterfly,Lana Del Rey,-10.883,0.0444
1552,Naeem,Bon Iver,-10.355,0.0441
1553,Double Up (feat. Belly and Dom Kennedy),Nipsey Hussle,-8.32,0.188
1554,Mother,Charlie Puth,-5.612,0.342
1555,Menteur menteur,Nekfeu,-7.146,0.131
1556,Tic Toc (with Tory Lanez),Rich The Kid,-4.154,0.121
1557,Mr. Brightside,The Killers,-3.71,0.0758
1558,"Oh Wow...Swerve (with J. Cole feat. Zoink Gang, KEY! & Maxo Kream)",Dreamville,-6.097,0.512
1559,"Calipso (with Dardust) (feat. Sfera Ebbasta, Mahmood & Fabri Fibra)",Charlie Charles,-6.178,0.183
1560,Voyage léger,Nekfeu,-7.839,0.233
1561,Despacito - Remix,Luis Fonsi,-4.346,0.178
1562,Out My Way,Juice WRLD,-3.166,0.34
1563,Glad He's Gone,Tove Lo,-8.073,0.0698
1564,Träume werden wahr,MERO,-6.344,0.191
1565,OMG (with Carly Rae Jepsen),Gryffin,-5.766,0.0532
1566,Ecstasy (feat. Machine Gun Kelly),Young Thug,-6.557,0.129
1567,Love Drought,Beyoncé,-10.602,0.0426
1568,Happy When I'm Sad,Jonas Brothers,-7.054,0.0399
1569,Butterfly Doors,Lil Pump,-11.265,0.169
1570,Drop Out,Lil Pump,-6.31,0.138
1571,Sex mit dir,Apache 207,-7.18,0.0602
1572,Face To Face,Rex Orange County,-7.653,0.0622
1573,To My Grave,NAV,-5.444,0.0453
1574,Immortal,Trippie Redd,-8.482,0.323
1575,7 rings (feat. 2 Chainz) - Remix,Ariana Grande,-10.162,0.465
1576,Bye Bye,Capital Bra,-6.154,0.193
1577,People,The 1975,-5.257,0.188
1578,Wiggle It (feat. City Girls),French Montana,-4.69,0.0465
1579,Strangers,Jonas Brothers,-4.892,0.072
1580,Jusqu'à minuit (feat. JuL),Ninho,-6.367,0.159
1581,Legion Inoculant,TOOL,-19.052,0.0464
1582,2ollipop,tha Supreme,-5.402,0.0988
1583,Bad,James Bay,-5.587,0.0362
1584,The Bees Knees,Juice WRLD,-4.751,0.0844
1585,SUPERPOSITION,Daniel Caesar,-11.209,0.0408
1586,Til The End of Time,Trippie Redd,-6.904,0.0292
1587,Drunk (feat. 6LACK),ScHoolboy Q,-8.029,0.214
1588,Out Of Sight,Logic,-6.159,0.132
1589,Orbit,Shirin David,-8.85,0.291
1590,NENENE,Fero47,-4.831,0.0887
1591,Mein Kopf,MERO,-6.074,0.189
1592,Nowadays Pt. 2 (feat. Landon Cube),Lil Skies,-3.607,0.0298
1593,Blame It on Your Love (feat. Lizzo),Charli XCX,-2.666,0.0487
1594,10 Feet,Juice WRLD,-7.698,0.183
1595,Without Me (with Juice WRLD),Halsey,-6.103,0.0747
1596,Jeune Lossa,Ninho,-9.455,0.0669
1597,Not 20 Anymore,Bebe Rexha,-4.809,0.0286
1598,BODY PARTS - I denti,Marracash,-5.978,0.172
1599,Unicorn Purp (feat. Young Thug & Gunna),Future,-4.905,0.195
1600,1400 / 999 Freestyle,Trippie Redd,-6.067,0.0864
1601,Esagono (feat. Salmo),Gemitaiz,-6.403,0.207
1602,Faz Gostoso (feat. Anitta),Madonna,-6.12,0.0894
1603,One Call,Gunna,-7.309,0.343
1604,Hope Not,BLACKPINK,-4.998,0.0267
1605,Please Tell Me,Future,-5.589,0.272
1606,Trust,Jonas Brothers,-6.329,0.0588
1607,Hops,MERO,-8.854,0.0745
1608,Comeback,Jonas Brothers,-7.34,0.0403
1609,I Try,Trippie Redd,-6.751,0.0327
1610,mother tongue,Bring Me The Horizon,-4.567,0.0328
1611,Bring U Down,Lil Nas X,-6.83,0.0449
1612,Lies (feat. Ty Dolla $ign & YG),ScHoolboy Q,-5.854,0.3
1613,The greatest,Lana Del Rey,-12.334,0.0369
1614,If I Ain't Got You,Alicia Keys,-9.129,0.106
1615,Tats On My Face,Offset,-8.742,0.297
1616,Pardon My Ego,Logic,-4.962,0.0683
1617,My Side,Drake,-5.661,0.133
1618,Wenn die Sonne untergeht,Azet,-4.085,0.161
1619,Racks on Racks,Lil Pump,-7.166,0.0865
1620,The Hills,The Weeknd,-7.065,0.0488
1621,"100 Bands (feat. Quavo, 21 Savage, YG & Meek Mill)",Mustard,-6.775,0.338
1622,Birth Of The Cruel,Slipknot,-4.469,0.0821
1623,Estado Decadente - Acústico,Zé Neto & Cristiano,-4.78,0.0658
1624,DIAMANT,Rammstein,-11.841,0.0375
1625,Caught Up (feat. Khalid),Majid Jordan,-8.847,0.0577
1626,TATTOO,Rammstein,-4.547,0.091
1627,"You Stay (feat. Meek Mill, J Balvin, Lil Baby & Jeremih)",DJ Khaled,-5.628,0.133
1628,occh1 purpl3 - feat. Marracash,tha Supreme,-4.837,0.156
1629,Ballin Flossin,Chance the Rapper,-7.931,0.0899
1630,Big Pac,Ninho,-6.054,0.196
1631,WEIT WEG,Rammstein,-5.109,0.0508
1632,More Than That,Lauren Jauregui,-12.899,0.282
1633,Call the Coroner,Future,-3.331,0.202
1634,"Swivel (with EARTHGANG) - From The Upcoming Album '"Mirrorland'"",Dreamville,-7.209,0.43
1635,Something Real (with London On Da Track & Chris Brown),Summer Walker,-3.837,0.0365
1636,Fragen,Azet,-5.26,0.273
1637,SPORT - I muscoli (feat. Luchè),Marracash,-6.004,0.255
1638,Borderline,Tame Impala,-6.839,0.0272
1639,Delicate,Taylor Swift,-10.178,0.0682
1640,Superstition - Single Version,Stevie Wonder,-12.115,0.0725
1641,Panini,Lil Nas X,-6.146,0.0752
1642,Make It To Heaven (with Raye),David Guetta,-4.697,0.0914
1643,Let You Know,Flume,-4.075,0.0418
1644,Intro-Résumé,Miami Yacine,-7.935,0.448
1645,Speed It Up,Gunna,-7.395,0.0582
1646,Twisted (feat. Logic & A$AP Rocky),French Montana,-2.987,0.214
1647,Almost (Sweet Music),Hozier,-5.589,0.135
1648,Slide Around,Chance the Rapper,-5.505,0.215
1649,In Your Arms (with X Ambassadors),ILLENIUM,-4.75,0.0496
1650,Méchant,Niska,-3.929,0.339
1651,okay,LANY,-7.674,0.214
1652,Gone,Charli XCX,-7.574,0.0654
1653,Sweet Home Alabama,Lynyrd Skynyrd,-12.145,0.0255
1654,Zombie,The Cranberries,-8.957,0.0339
1655,Nur mit Dir (feat. Xavier Naidoo),Shirin David,-10.807,0.189
1656,Slide (feat. Blueface & Lil Tjay),French Montana,-3.895,0.26
1657,Free Spirit (feat. Rick Ross),Drake,-4.997,0.33
1658,The Night We Met,Lord Huron,-9.514,0.0441
1659,Another Place,Bastille,-6.454,0.0415
1660,È sempre bello,Coez,-6.792,0.164
1661,Pin the Grenade,blink-182,-4.096,0.0723
1662,The Heart Wants What It Wants,Selena Gomez,-4.874,0.0377
1663,Raising Hell (feat. Big Freedia),Kesha,-4.689,0.132
1664,Can We Pretend (feat. Cash Cash),P!nk,-3.447,0.406
1665,U Deserve It,Trippie Redd,-7.287,0.0316
1666,All For Me,Trippie Redd,-5.516,0.483
1667,Flash Pose,Pabllo Vittar,-4.516,0.216
1668,m12ano - feat. Mara Sattei,tha Supreme,-6.407,0.0392
1669,Burnin' Up,Jonas Brothers,-3.387,0.0881
1670,Estamos Arriba,Bad Bunny,-3.6,0.0922
1671,Forward (feat. James Blake),Beyoncé,-15.633,0.0474
1672,Weather the Storm (feat. Meek Mill & Lil Baby),DJ Khaled,-2.655,0.283
1673,Can I,Drake,-8.56,0.0588
1674,Faceshot,Future,-4.234,0.0832
1675,Make It Hot,Major Lazer,-4.648,0.0403
1676,Stop Snitchin,YG,-5.502,0.282
1677,Mannequin Challenge (feat. Juice WRLD),Young Thug,-7.466,0.086
1678,"Thunderclouds (feat. Sia, Diplo, and Labrinth)",Sia,-5.948,0.0338
1679,#PROUDCATOWNERREMIX,XXXTENTACION,-6.229,0.39
1680,Sentou e Gostou,MC JottaPê,-3.308,0.397
1681,Vor der Tür,Gzuz,-6.263,0.189
1682,Brillis,Shirin David,-8.737,0.162
1683,I Got You (Always and Forever),Chance the Rapper,-3.29,0.267
1684,Throw It Away,Trippie Redd,-7.051,0.227
1685,Rooting For You,Alessia Cara,-6.779,0.123
1686,Obsession,EXO,-3.851,0.0624
1687,Death (feat. DaBaby),Trippie Redd,-5.969,0.146
1688,Che cazzo ridi (feat. Trippie Redd),Fedez,-4.596,0.0503
1689,None Of Your Concern,Jhené Aiko,-8.155,0.249
1690,Paris Morton Music,Drake,-8.635,0.315
1691,Ciumeira - Ao Vivo,Marília Mendonça,-4.83,0.0452
1692,Light It Up,Young Thug,-8.546,0.0846
1693,ST. PERCY,BROCKHAMPTON,-7.016,0.31
1694,This Is America,Childish Gambino,-6.159,0.137
1695,Make Eem Run!,Bass Santana,-8.908,0.271
1696,Mad Love,Mabel,-2.999,0.172
1697,Touch Eem Body,XXXTENTACION,-11.895,0.25
1698,Wheels on the Bus,Melanie Martinez,-6.315,0.039
1699,Chama Ela (feat. Pedro Sampaio),Lexa,-1.933,0.147
1700,cOcO MAmA,Dardan,-6.761,0.217
1701,Roo,Chance the Rapper,-7.395,0.287
1702,X,Nicky Jam,-4.736,0.0549
1703,No Me Acuerdo,Thalía,-4.531,0.101
1704,Unforgettable,French Montana,-5.043,0.123
1705,Lie To Me,5 Seconds of Summer,-5.571,0.0359
1706,Despacito - Remix,Luis Fonsi,-4.353,0.167
1707,I Love You 3000,Stephanie Poetri,-7.85,0.0396
1708,Grip,Seeb,-2.293,0.0507
1709,Killer Queen - 2011 Mix,Queen,-6.328,0.0554
1710,Finesse - Remix; feat. Cardi B,Bruno Mars,-4.877,0.0996
1711,Take on Me,a-ha,-7.638,0.054
1712,Não Fala Não pra Mim,Humberto & Ronaldo,-2.555,0.0402
1713,Cheap Thrills,Sia,-5.608,0.105
1714,HaifischNikez Allstars,LX,-5.529,0.448
1715,"Stayin'' Alive - From '"Saturday Night Fever'" Soundtrack",Bee Gees,-15.539,0.0355
1716,Medley da Gaiola - Dennis DJ Remix,MC Kevin o Chris,-5.56,0.229
1717,"Quem Pegou, Pegou - Ao Vivo",Henrique & Juliano,-5.345,0.0317
